swahili_id,kitaifa,michezo,biashara,kimataifa,burudani
001dd47ac202d9db6624a5ff734a5e7dddafeaf2,0,0,0,0,0
0043d97f7690e9bc02f0ed8bb2b260d1d44bad92,0,0,0,0,0
00579c2307b5c11003d21c40c3ecff5e922c3fd8,0,0,0,0,0
00868eeee349e286303706ef0ffd851f39708d37,0,0,0,0,0
00a5cb12d3058dcf2e42f277eee599992db32412,0,0,0,0,0
00a93e174866089d7f4b59b72645573f963da555,0,0,0,0,0
00caee8b79f36cc0a5ae4fe86b8abbedeef6c705,0,0,0,0,0
00e72e69de296484ccacd96e38240844ac61be23,0,0,0,0,0
018effc3b6ce812c825fb01d244f4b849658ef3c,0,0,0,0,0
01996c3787dbce345ac122a8912dc9ab57334e2e,0,0,0,0,0
01a58fd93c05d8febbd10824b162ba00f51a9fcd,0,0,0,0,0
027063d6cb270ff8b60a4ced0c7d3835628286d5,0,0,0,0,0
02824fb4c78d076c52d71f21f50c7e33fac4a530,0,0,0,0,0
02c1bb0911f056f18e04a9e831b405cfa721b62e,0,0,0,0,0
032bcb8f892f50c0f4698d550e140474cc0a2e25,0,0,0,0,0
034185c116681f9afdefd8445f0a9896b9673f9d,0,0,0,0,0
0355be98526df7da1e8da43c81f012551fd53a74,0,0,0,0,0
03817b4b8fa61ee0176ac9c5cbf66fec86f2ed3a,0,0,0,0,0
0388b907e596357c5bbee251003dcdf97d679c89,0,0,0,0,0
0480c08ce9059abe99336f4b39a41f4562150848,0,0,0,0,0
04d7e75611796f3ce8ec460f1eb6bffa9da15676,0,0,0,0,0
050e737c0998f7ba049bc0f02d5a4b64e7f0625e,0,0,0,0,0
0516a757aad1d09f893091602ad05505b5e88401,0,0,0,0,0
05d499508761de20c4ae1f9fee1e204bd435edd9,0,0,0,0,0
05ea491371ea5305802da17a93f27ecf8e59bb49,0,0,0,0,0
05ee92945a93072bd98b56eaa9917e73584c0d2f,0,0,0,0,0
060017feb4ec0ef7415dad6cc02e33842dfcfbb2,0,0,0,0,0
0689b40d0a24ac5152e62aad9d112138e7aabe11,0,0,0,0,0
06bc918b17a76ca6f18a3341f7da78d1fd02a326,0,0,0,0,0
07556b566255f261f362d7b6dd317cf7c8722507,0,0,0,0,0
075bbea3663e0db97fcd4a2687ef2d47236dac28,0,0,0,0,0
07ad07b3e6307bc93b4abf80011e4630058b665e,0,0,0,0,0
07e372ce107507e12c04bcc938f1014a190c4912,0,0,0,0,0
07e92959da333f858fffbcb3d9598ccfe7d2da34,0,0,0,0,0
07ea328f3b14346960dc9ee5be834753bb1261e7,0,0,0,0,0
07ec88b88bba066163e7aa27228b6263ee506390,0,0,0,0,0
081412e435970d66e6a60e9406148323605d7171,0,0,0,0,0
08275ea9ddafd22b968c99f94db32c366a9b94d8,0,0,0,0,0
0890a8acfb73d35080feb74458c9792b1d57fe6f,0,0,0,0,0
08df63a437025893af3ef60b87a702ad20dac5a3,0,0,0,0,0
0943b6968f97bdcdb50614734e04244199588da6,0,0,0,0,0
09b4ed7da8e5f8780ea8d3123478d6b42be31dfc,0,0,0,0,0
09e50d9ada0f258798d3a9ae312d4783589e5fc9,0,0,0,0,0
0a0c86c5a3e9253c647297a0fdf9355262620f8b,0,0,0,0,0
0a223acab39e9b37cc0ec89b241874869c79cef9,0,0,0,0,0
0a25a12bcfb1bcee66a0fd936b305251082736ef,0,0,0,0,0
0a6152dbcfdcc0e8f2980179f6319d511d86e258,0,0,0,0,0
0a8af0671430846c40524d56d374035793d03247,0,0,0,0,0
0b01e6d23ead0ce43ee3cb719a84694cb634c84b,0,0,0,0,0
0b39b6b564a36e71f36a9b2da87e1d8b0edc1926,0,0,0,0,0
0b47e2144dc890d150c60a32986e2b130fa1e6ce,0,0,0,0,0
0b556c8ed912121e0574b62a5e41d68e771ed380,0,0,0,0,0
0ba0156e5105e73cdc1c9c6e0b247be99c8b8be7,0,0,0,0,0
0c272f5d8f6746d7b77b3d8dfff502c55b7b6612,0,0,0,0,0
0c970a83167a984294a4f45f714cc117adca3b91,0,0,0,0,0
0cdc764a2cf4f38e3b734dda222498daaae7762b,0,0,0,0,0
0cfbd5179035e5e22964b1fa9c764337cc816bc4,0,0,0,0,0
0d15d685fd32390bac5ba568a7ad5cac59313f78,0,0,0,0,0
0d1637e139b088cf1d9a114ca48a5676abca4161,0,0,0,0,0
0d2e3cdfa1c479f93d7d19008616c7331df1d4d1,0,0,0,0,0
0d33de20de638919329d55c90d8eeb6e6c05d8bf,0,0,0,0,0
0d8e8bb5db320bc6c7c048d0bed7b17a4e52fd4c,0,0,0,0,0
0da943ec51a642a6c551c33e260fac9702db1261,0,0,0,0,0
0dad250b74ae3fac96a6ea95da3908cff18481e3,0,0,0,0,0
0dbb48e484af46a1567888ee8cad187011cffe91,0,0,0,0,0
0dbff8419b10d05274f9ae806c3a80f4182e9533,0,0,0,0,0
0dc7aa83d132722c26c404bcc4c3beff84a4f6a9,0,0,0,0,0
0e43e7f0e72fd33f0fbf9cccf323f5075970ebb1,0,0,0,0,0
0e9ac91411adcd07930eec2cb5aca10edbcb5baf,0,0,0,0,0
0ebce7758de01efa31f6cb32923137d89af0eea0,0,0,0,0,0
0ecd111de63881bf6a1a5737ab588f514c96c70c,0,0,0,0,0
0eec26a488ff8052197a3b5390b418ac1c12ba6f,0,0,0,0,0
0f3cbf200b1576ec06958663630b1fe0296dc147,0,0,0,0,0
0f549457628a1f540d3d5940ac5d21ba5f258533,0,0,0,0,0
0f5bf82dcbb81f6291a8dc85ed6e306e15a1cbea,0,0,0,0,0
0f5c284178765d0a6d07ce07bf4fe33f92e06202,0,0,0,0,0
105b495562a154cbbcadcffad1064e8118242c74,0,0,0,0,0
107dd7197b90fdfbe1a98b86dadfa8bfac9bfedf,0,0,0,0,0
10b03eaffdc3304770628c87bda11e0267eed7eb,0,0,0,0,0
11066cccc8556d9216650f0e9b8a11bea7bda395,0,0,0,0,0
1146d6b4b5f38d1e47599fc43dc2416ab09a9c6b,0,0,0,0,0
115f11eb5f7d4ec8c9ed994f7a613024d7495529,0,0,0,0,0
1166f416e9abde5e66f0073ad84fab41e55d2f5f,0,0,0,0,0
117475559a39a6e0c91bc8146d3af16441445958,0,0,0,0,0
11cfaf6f1cb4d9e912f67fc7bba2dd20617a54e5,0,0,0,0,0
11ebf20c51938edb9f0bb485fdcb764dec79b720,0,0,0,0,0
11f2336ac02a445727c4c70267c96c26165e5160,0,0,0,0,0
12bfbc98cc72f5b4325559a389d68642841bb352,0,0,0,0,0
12d9b3e67591a19adb213cc10fce955b95975b59,0,0,0,0,0
12e3516097ebeb561a648ed3b80c84831b2373d5,0,0,0,0,0
1317a6c2be8b08e66c44be5fb0fa0abd95dc1122,0,0,0,0,0
13299c54cb74ce4c8714de5e4a9bccbb9a556f96,0,0,0,0,0
13451413c35a1bcc624706c98bcb353fd910f62a,0,0,0,0,0
141df8d7c9720327fef3166a4946149d4597520a,0,0,0,0,0
144800063ce42c96dfa9cdddd36d622159cef6fa,0,0,0,0,0
145d0710b6bb3db5a6f1bb4781468967ab8f363b,0,0,0,0,0
1490e2b0c8e2ce49cc21aedb335c55c4b8df719a,0,0,0,0,0
14fcb47517af5bcf9fefb157fcef1ba616a7c081,0,0,0,0,0
1531d5b6c12ec1d135669ae9484671aea15423d6,0,0,0,0,0
15881754e95674ca3089e2c229cf14ca385993e1,0,0,0,0,0
158cc5c81fe5b29eacb35b95b6e0e56d09d8e758,0,0,0,0,0
159224fc313fc2d9b3ef32df8c20c53fb98725a2,0,0,0,0,0
15b073c6c1159056affcb7b1d5fd094d2fa178d5,0,0,0,0,0
15e01f45d706c15014d706a000efc2548eb33980,0,0,0,0,0
15e5a9271c80e1c7161e468adfb58a694c737ae8,0,0,0,0,0
1641eb85255f102592a85d3cba2cb9cacb8b4051,0,0,0,0,0
167e0483268b98bf5fe1a5aad41cd95eac382f0f,0,0,0,0,0
16a0e237108278566224aab63145df19b683c705,0,0,0,0,0
16a56f26b6f696151809e0cb26b75093ec47a58d,0,0,0,0,0
16b770f6de7ce9481b84051fc4e124b792695910,0,0,0,0,0
17aafba88458bfd29ddf9b7cbd159c191f7a1118,0,0,0,0,0
17dd7effc40752af58e35c37c5895d4ba5d84269,0,0,0,0,0
18595209cee4049feb8c24a6fd25aafd9d0d755c,0,0,0,0,0
18a3d479d214f7c41b65ecd6abfbea8e124d5ea6,0,0,0,0,0
18bbb303cb556aa3dd69b6705893649b194b875f,0,0,0,0,0
18fdf5f0583fe8b0cd324b2324e235a7cadc9143,0,0,0,0,0
197baa2e7a1a9b5e091c5dda305922b912b5f000,0,0,0,0,0
19f510e2874c0b863f7b753a1fd624e1cf7f65a7,0,0,0,0,0
1a17c80adddd2c806c7c006c1c6664551f639945,0,0,0,0,0
1a2945de7db7d664a6a47aa9d4ca66f32f70b007,0,0,0,0,0
1a434697e5ed37622d6e242b2661e1b5f15fa4bf,0,0,0,0,0
1a4ea72aade16ffb2a8a5482d687c49f28e5748e,0,0,0,0,0
1a8feb5bc2c7f920cc90e2d48e1aa165756d8e40,0,0,0,0,0
1ae7db637de02c1433a216bff407f1e00b7746ed,0,0,0,0,0
1af7c0ced692824637718b5bc494b3f369c27ae9,0,0,0,0,0
1b1dc07761bcf39e979dfb1718967a78d0aee790,0,0,0,0,0
1b50390e6648cebfec8fe3a6aef61a0b066febf9,0,0,0,0,0
1b5736b3ac4f1db6c28a7818835cdf7a9574658a,0,0,0,0,0
1b5e71255db35337b4ed41409ad2a02e2631eb7f,0,0,0,0,0
1b9efa38da384b10eaa53d56a07a9094febd5c6c,0,0,0,0,0
1bc2142fc267f7d22be3b03f1d8b96791148b0cb,0,0,0,0,0
1bc5f88ecb46e60f0f63bef176307d245171062e,0,0,0,0,0
1c3ece194677524c78a9f91716667bce5fb9b7eb,0,0,0,0,0
1c626c21d45834c3cee43ec7ec17c73629afce5f,0,0,0,0,0
1c73a9479849e76c9269bf9f1542e264493cd91b,0,0,0,0,0
1c7e51812e18ca91b75484915554483ce2a55119,0,0,0,0,0
1c9268524736398ee3e60880113cc4d92f934989,0,0,0,0,0
1ca667458b92c09852f3e4a2d3be77fd0064c069,0,0,0,0,0
1cb82db6885a902029c17c04ae7511653a1d23b9,0,0,0,0,0
1cca7897a49ff7f29aafea06ccafc2ab7f050d9e,0,0,0,0,0
1d21046991eae6f767d0af4f3e2df0c41d57376d,0,0,0,0,0
1d3892ce2970b5f0ab94bd5d6df178022b82fb75,0,0,0,0,0
1d3b44ab1c7acfdf3850e0f32c81ac0733875299,0,0,0,0,0
1d7c293d74195e673ba22ac413866beec98ca7ba,0,0,0,0,0
1db409415257ad5afb7d1a4301b5bdd7e4b23a4f,0,0,0,0,0
1deae0ba27a1dff11ac59bca2da59863dcc89401,0,0,0,0,0
1e5f02f3348efc9deda3149c6dcb24262b68e0bc,0,0,0,0,0
1e6b54269bbced15cb129fd99873927aab30fd92,0,0,0,0,0
1f306e0c91d64cf18674974f3520900b53ae60d0,0,0,0,0,0
1f8ae4a40785fe5619988e033a6bdd897823827d,0,0,0,0,0
1f91a15048e3ee430b307e0d25298ccb4d778c78,0,0,0,0,0
1f93a643487d5fc6008d958f25d7ee0ff54a7d11,0,0,0,0,0
1fa318e91639e14ded7d95319fe5e497b89c1c6b,0,0,0,0,0
1fec12dabcfdbf1509bf3c4a94af4f3be401a957,0,0,0,0,0
20514b3a900e6865ddbee4dc7f3ac9a494c3982e,0,0,0,0,0
20db7329999438154327e166b1e270010149814a,0,0,0,0,0
2186342b9a2ac3d8370cd188deeb4460adc17368,0,0,0,0,0
219c4fdda89354527ee17ad814be82a051c69f85,0,0,0,0,0
21d98fb6b5204400522e33450b68f43377298c45,0,0,0,0,0
22133cda28691ae1c52d81796c20644a27ad65b5,0,0,0,0,0
2232f3e8f9147b183adc5e5922031ada4617fe49,0,0,0,0,0
22650528be024b0ae698b5211306bc3732636d13,0,0,0,0,0
2271fe2c21330c061b949ee2ef4e519280852b13,0,0,0,0,0
228a29757133e396c6f0962ee01ecd920542a044,0,0,0,0,0
229d4fe6fec882e0612a7ceeda6ac8204de18c82,0,0,0,0,0
22a7967c345454212d50c6f8b35414ca1947cfed,0,0,0,0,0
22aa78381e31b43c9ae7f2a931d04e5fe3a9e2e1,0,0,0,0,0
22c65d35241b8783cbb04b57e5d8bbf67b18466d,0,0,0,0,0
22d51c0b65218f37924043f86cad2836c06750f4,0,0,0,0,0
22d605a5ecf7c468fa8ca8482cb4295a0c6622f0,0,0,0,0,0
22da997d2d5a443d57cc82b9c0b996d4444012aa,0,0,0,0,0
2331aed1ec908a42e14752a12d2ff6db43352185,0,0,0,0,0
23432f8e81eae4e9d012a18339e19ab9076f72b2,0,0,0,0,0
234503eb2811a7bd940e16cb63e858165b824b02,0,0,0,0,0
2389fbac7e9352ec0de7cc8775f2efc4b4cf6b5a,0,0,0,0,0
2396eedfb4b784c10e02b5ff30b30a67b2b43c8b,0,0,0,0,0
241de8bd14a3c5059ba72e47c9c7d81256740add,0,0,0,0,0
24951db6a078339cfc92582044799ca6e960669f,0,0,0,0,0
251bd51aa700823c7d36d58b331cdc110a1701f6,0,0,0,0,0
25222836d355cefbeb28dce0331b511c5504d970,0,0,0,0,0
25310ef53a4af995ebd5cd6ebf505eb496bd1f82,0,0,0,0,0
258ac68db6c7767d8e8ba2c49921e2c329aa0f88,0,0,0,0,0
25c7ddcde232773eeb3487aa8e6cf929750416b8,0,0,0,0,0
260a4acadfa1c8e2a5b405b858b556fb841b39c2,0,0,0,0,0
26498a5987dbab32e9e3841a04434d9d6216f7e1,0,0,0,0,0
264fa2dc9c98b37c6db6f1f7c8b7f54fce27c993,0,0,0,0,0
267db0653386b9e84e4130fd216b57a77289b54d,0,0,0,0,0
2682e0c1a27de26e0649f196994225173d6323ba,0,0,0,0,0
2683a7feb3b17d27344244cb210cd148d35223f0,0,0,0,0,0
268b71f045246efde4ea467a4ccfcea2c2804b51,0,0,0,0,0
2691ac6f3a6e113168f145237d836b60df881924,0,0,0,0,0
26b702a06ae1e864430330d015aaaa35f21d4eeb,0,0,0,0,0
26bf62e344aaec65d875ad14fd562aa40b49408f,0,0,0,0,0
271825ae352bcae7618044ca2b5719b6f67c6e07,0,0,0,0,0
27234421a1cc225bbf6d4795f3488dfdf1d2a1c4,0,0,0,0,0
27559809240c440f0b528fbc1af7e5cbe1b8fea0,0,0,0,0,0
2799426ff8c1dda3701fbc7dcbb624bdb230cae3,0,0,0,0,0
27ec30c7c2416334df93fd818a58e3d9554913b5,0,0,0,0,0
27fab48d0e16964ff46d6c5b904ebdf9e81e8747,0,0,0,0,0
2851c1456c5a6737c8594631348781c2ebfa30cb,0,0,0,0,0
28667773b1bcb3baf526df79f8f3296c0d4c9674,0,0,0,0,0
28a78ac3fea8a67371457536a90b0e9567273865,0,0,0,0,0
28dc3ee972f8779bb4b14107db268c8409f50219,0,0,0,0,0
28e36096ebda6cb2169943384d6c1fa8180fd9c0,0,0,0,0,0
290c85dac0aae4c60fc1f957f7b17b380e049c23,0,0,0,0,0
2949d2d118a3240ba3c654d7c7e93169307176b3,0,0,0,0,0
2957893c8d9481ae20b144a940ea8a293d90d18d,0,0,0,0,0
29a252032b84ce882412cf07189c50cb15514eeb,0,0,0,0,0
29b49407d4bf17d71f7bd1d4f4e47c4a899a28ed,0,0,0,0,0
29c81c827ac7170ca7898afd9b27347ff592bdfc,0,0,0,0,0
29e5ea1ed4816d8687114bbb13162d9a074e7eb8,0,0,0,0,0
29f93cb4ecd517363279aecef84e97875d5545a6,0,0,0,0,0
2a84a5008e52e2a6656bb548d835335011aaaf74,0,0,0,0,0
2a9af38c7e7210b6ba6c72cf5864052629eb3b6f,0,0,0,0,0
2ab0ef31dad96da6e0da678339f3f4f045ac1076,0,0,0,0,0
2ac85346f12429c41daf50490f042007dcd08c83,0,0,0,0,0
2ad94bd023bc1acacfed6a3352a100906678b109,0,0,0,0,0
2b48e2cac369ea2abb17921a610162bd33f74d68,0,0,0,0,0
2b95c79271040f8a030d774286ad44053ee16b9d,0,0,0,0,0
2bba32730836833faaeb1a263ed29ab4df5735a5,0,0,0,0,0
2bd8ed9333cd7b9864725f1742a689df365ad51c,0,0,0,0,0
2be0d207f3a86e11d08edc1188508e1af1d63fb0,0,0,0,0,0
2c498e330e035ae446ecde1a08bbf4f9598ea178,0,0,0,0,0
2c6451ee38d8ba82c2d43d23ada828a269ca4116,0,0,0,0,0
2c966c3f4143d9c68580bf1c3d404a59137ae609,0,0,0,0,0
2cada7f16de01df9295a1b644efe5c619ac8a2b2,0,0,0,0,0
2cae18f86c326b0eb16f03b0aa9c75818a977448,0,0,0,0,0
2cc876deb0920ade25c16884bb57a0aa8359c43a,0,0,0,0,0
2d2fe22b39e39e7bb306d5e84dc9f9c4d470114e,0,0,0,0,0
2d9c99c1154e7e7bce3b3f191f4d828672ea27a6,0,0,0,0,0
2dff481ee72ac1bcde6262b26c372a9e8b7c7497,0,0,0,0,0
2e543d501ac8b6dd450fef9425cae55ff7b50a73,0,0,0,0,0
2ea80316710f886c245ae2e2d45915567e548c7c,0,0,0,0,0
2ebfaa78df27a0a64d26bf6772757307c9ff975a,0,0,0,0,0
2ed11ec456a062d53dba7f7a9d57534d12acdb95,0,0,0,0,0
2ef825bd7e0591e0e7cb78dae66ce5a2b6c40f5d,0,0,0,0,0
2f011c8fb460b9dd5e28275c0362745a010f4ca8,0,0,0,0,0
2f508eb79e87d75611f3ddba309163ce9d0835c8,0,0,0,0,0
2f79ff4c3493a02edea1636bcfcf555b1bf7d64f,0,0,0,0,0
2f85f84d5136cdf6e1ede869b0015b7bfea6b800,0,0,0,0,0
2fb671633b2e8316879cf56b830a57c8b33983fe,0,0,0,0,0
2fbe2ccec11883bffc4a999febefd5f09b871424,0,0,0,0,0
302994572385583073738f971152dc77783b528d,0,0,0,0,0
30bdb11d5166101e7dbb5634d71c2575b6e5f54e,0,0,0,0,0
313225e9af2ad60d37829216caf4bce04f23ea92,0,0,0,0,0
31964043423a074f2a221988df0c76b5e6b8f5b2,0,0,0,0,0
31c938d5ecab1bf0f1c4e8082776f0361a50f27d,0,0,0,0,0
31f73e02023dfa2d1e29e8ff41fd9b18c79878c7,0,0,0,0,0
326da275051ca238a24ffeaf166b24c00be6216f,0,0,0,0,0
32f27dc369df8e68abab72fede10e6a6ed9ffbfc,0,0,0,0,0
33892ecb8c7c790fcbc2105f390c491c08963ea2,0,0,0,0,0
33a7bd491294f9bd4db119b53c5ad00ed70bc6c2,0,0,0,0,0
33b2fcf2f8546fae425948d41785c784da14d6f9,0,0,0,0,0
33c00e4613dc29cfd313ec0b072111e354130d9a,0,0,0,0,0
33c58ca9d55b9898c0c1d86a2321bf4da5e1f0c3,0,0,0,0,0
33c989d20b0b8cda8a03f2f35a54c9f20d4358ed,0,0,0,0,0
33e428a439707970edb08701626948e828fdcdd5,0,0,0,0,0
342f45fb99ca21761635a2554f6874290379264f,0,0,0,0,0
34c01b50cfbf61b078e8b418bbdca0a04a3748df,0,0,0,0,0
34c47b3aa1a1f73b6c8b2ef6ea2c5b9dc18feca9,0,0,0,0,0
3503923351a4e5b9f1526ebe2bb91828008c7ba0,0,0,0,0,0
3515161f7bd3c88c82fc4880721c119c8b65b6a2,0,0,0,0,0
352512f17d97d8c2ec89b553c49d9b66b73cfd29,0,0,0,0,0
353f1104abb19365f64a32a062aee01bb7b736ef,0,0,0,0,0
35cc4d648238374926f5b1c5dba18f64a62aa3f7,0,0,0,0,0
35dcca283f314298e197346f79866e31c4c9a806,0,0,0,0,0
35df43cc777af342d62d49720a39d7cc544672db,0,0,0,0,0
35f111d0e97cc60de6b2295b0dbb3bd3c185cce6,0,0,0,0,0
360dacf49e0f34b5d7ca48bbab59ed497f667a1f,0,0,0,0,0
3616b750238fde10f0af92b39f8642ed04f4292d,0,0,0,0,0
361806eaeeb8e109ee70a5a7682afb4c62db6a6b,0,0,0,0,0
3667780549f63698b6bcda210f734afe6f00b6f5,0,0,0,0,0
368581ce89aa3d42dd5da5b819eaed2a7518d5f8,0,0,0,0,0
368e350eda45f3d79eee691af6eec3b5ac67734d,0,0,0,0,0
36a25b2cd071cd97e370fe277ecc4ac8143298ec,0,0,0,0,0
372a5ed3b413fac23455e6f6c7b06707653d3d73,0,0,0,0,0
376e988ff1fcf958808647649e2cdf3d01ea4602,0,0,0,0,0
379e9ff20a7faf7614ccfbcc1157a2ba9c1649df,0,0,0,0,0
3885298536c50c15602b994f492a3160010dee2f,0,0,0,0,0
38dc25352f81252d7e3e6510f383867dfac5c1c2,0,0,0,0,0
396d208d43ce393a6dccab5756f7277841766af2,0,0,0,0,0
3970b66161631251dbe027dd83cece64dd0de64f,0,0,0,0,0
398a4144007d77ecf3ec1c1deebee3b6f4cea7e1,0,0,0,0,0
399d32183389be62b9e3e781c566f30a35c0aef7,0,0,0,0,0
3a1253a00f5dd488cf15f8679bab5ef457a3a969,0,0,0,0,0
3a3f9fbb047cfee35b1f0fd80ccef2c4f6fd1867,0,0,0,0,0
3a4658180642cbe2761195b9b7780b1fc18b0766,0,0,0,0,0
3a5d3d3191b1a854703715c46186fb9122eef2d2,0,0,0,0,0
3a6f248cd6c1eac31bf2c6ca7d6686f08a259b94,0,0,0,0,0
3adef46c0ad4a98d53de3f6bcff7507e9adaa103,0,0,0,0,0
3b0a48a292ee2314e553b3ae0e9fcfe5acd82924,0,0,0,0,0
3b2fba8eab2d0c87c14342ab93f9593833a58ccd,0,0,0,0,0
3b4fe73c7a6f4cd4809eadcc3a8ddd5c26a7b329,0,0,0,0,0
3b66c5b3641287eb6bcfdfaf1432db339d636699,0,0,0,0,0
3b99fb4e5cdd412fd4a195cc34cbdb68f95023d3,0,0,0,0,0
3baaafacbb8a56cdbf2f0606aae30356237e7a36,0,0,0,0,0
3bb07573a736eb7a159fc4266b7cfab3e2caa588,0,0,0,0,0
3bed99a322bab956e678483c2ed0338635bae020,0,0,0,0,0
3c194dad83f96a132dc193cb478b44cb3461480d,0,0,0,0,0
3c2d132307838479da9a7ea2aeaf7b49bb1f0e98,0,0,0,0,0
3c2fbf3e89cf8927e65c8c95dc1f965f97088d1c,0,0,0,0,0
3c49e11299417669bb889f53ee69a9eac81f3c00,0,0,0,0,0
3c63bba60c34b790de86d559d5c64bf24983e7d8,0,0,0,0,0
3c9fe40cd16d06c217583aa70ff91ff98449a19b,0,0,0,0,0
3d1d32fa2c804524e6be92202fcb61c9c6f6e6bb,0,0,0,0,0
3d27f4b78d09d18c7fdab658245b1acfcdbb1ce2,0,0,0,0,0
3d7646aa97f7a6fd4d5d7962fe039ea0267ce82e,0,0,0,0,0
3d7b8c6d5faa987683984b2e13370fac13d99bce,0,0,0,0,0
3d7eb9ce8727645ee4ec20bef250e766d937bc33,0,0,0,0,0
3d968ff12649d5fadfc7bb51a998e81141b6af67,0,0,0,0,0
3dca37fb5b222754452768c19679c0a1e6350aa8,0,0,0,0,0
3e2708a682dc263246f9339ad8336ecb8ebab0a1,0,0,0,0,0
3e4a810a0d73e508de6c53ecdfcc3db19b6defc7,0,0,0,0,0
3e75e226e7455e797ba49e7a71bdfda5584c345d,0,0,0,0,0
3edc14fd83dd2a5a168cb887b108488e39d07676,0,0,0,0,0
3efab5e77da8308ee9d10d8377599e04f4541b65,0,0,0,0,0
3f21caf8ed997cfa7908f309bbc09978d7fa138f,0,0,0,0,0
3f991b7a289f5c96810a62e767d9e8e4a8506c89,0,0,0,0,0
3fb4a05a1d41f82013c9b5bb2162253d7ddb8041,0,0,0,0,0
3fd93c73799d370d5fdd697bf21bb51a46ffc60f,0,0,0,0,0
3ff07631c53fb574981f8a8566ad1df74e9b38fe,0,0,0,0,0
406e2d7535778e94393ce2e5d838c09362780035,0,0,0,0,0
40aa2348315c7f16368b4f6a53455fe9be5af037,0,0,0,0,0
40e0e34c64479a19963ba2b3a4ca66ad2fce2a0d,0,0,0,0,0
4139d0cd9dd188d32c4bd09f1f615c9f8f074a78,0,0,0,0,0
419f3484c1d4d86a847a90dd8b750219233fc02e,0,0,0,0,0
420d57cb8b69cb097e553a18b2ae5496b90fe177,0,0,0,0,0
425fa2c3e26db62deeade6a465c14fe6ba7a5769,0,0,0,0,0
4266cd82b4012f07076553cbc7637904c4434738,0,0,0,0,0
42748c8819059ab2e3e4a11e49b4904d18f6dde7,0,0,0,0,0
429b3c1cc70b8987fbb65cc64ddbb2ac4af2e413,0,0,0,0,0
42c2f1c46d8cc0e1e53d3ee5a982b6b6b134cb11,0,0,0,0,0
42c69bfd2bdcd6f298cfd1d2c80a28ac3b11bb2d,0,0,0,0,0
42d72fdf8b86e46185455a13c498c706f024f0d0,0,0,0,0,0
42da4b38de50486157849b2a650b7450582f1538,0,0,0,0,0
431fe08349f4b79dfda06907dede71aa34837c5c,0,0,0,0,0
439d7e5cc85ec84ff8c5b289de3cc9418bb25654,0,0,0,0,0
43a4f680a89759370ccdb4593b8adee125300d3a,0,0,0,0,0
43f86b4839c0ec3eb2d84e81a856e227a90dcb74,0,0,0,0,0
43ffd5ed227791dd5c9851f7d905e9f82d8143b6,0,0,0,0,0
44223f4d8c80798db4c67a3886f9998440e8bd36,0,0,0,0,0
44a93f93ec30d799bea904fe8a6c590449bfbbc1,0,0,0,0,0
44ac3f9e2b4857633860cbfb643520d2531fb490,0,0,0,0,0
44f5d1ed2fc82b23b06512ed53b1b98d9b274abc,0,0,0,0,0
44f5e18fed1a59fde38b7115f238e5fc874979d1,0,0,0,0,0
452786c6035f1b0993d6df134bc1c59f80bafac7,0,0,0,0,0
454d211c41b771239334065bdf189c9f96c24f7a,0,0,0,0,0
45bb6098cebfcadc5640c6624b3fcb9631ac2b68,0,0,0,0,0
45d0b1a2040340f9781bdaee64f3fc6c7901bcc1,0,0,0,0,0
46d17d2861e55a2d3a7dc177936d3ab6cd60812e,0,0,0,0,0
46f7d99c5024a91169d68f7a9001524b7aabc64a,0,0,0,0,0
4718fa12fbae9140868d4fdbdba755d1b9b1196b,0,0,0,0,0
475bc2d8c167d10a9866a5220a35adf48ac6a4e4,0,0,0,0,0
47732d84ebc10d114f7343b35b8c819ced7ecc7e,0,0,0,0,0
4844cb02f7be947986205fd1be1e54359d5babdb,0,0,0,0,0
48b701e4a229a02017217ed52c9b8e224e7e46f2,0,0,0,0,0
48cbaad2e505e5ff8a6daf0e65ddcfa7b9dab801,0,0,0,0,0
48ed17ea7e5054a02febfc7c5ab01ea3963d49f3,0,0,0,0,0
4924991c24da1d29571b87e46a77aa26629bf211,0,0,0,0,0
49332e6f1f7ababfd0fc18e396eca6de1db6b11a,0,0,0,0,0
49740fefc32e31129f8c9dc2aa6ff7f84f0ecf12,0,0,0,0,0
49f5d3d270928177b9704551664459ecf50ee002,0,0,0,0,0
4a3c5532a96ee5d9cca5495b0c891b5b65b2b18c,0,0,0,0,0
4a9a5b9ce7c49ef6d3025a1a36236ee187311423,0,0,0,0,0
4abffcd8cff043da06735cf2de74fecaf0708e43,0,0,0,0,0
4ad2d58e8d4159b492758479cc2ca008a2a8160a,0,0,0,0,0
4b1b9aaa2431e1fd6c17d0b7915989bfe28c9b22,0,0,0,0,0
4b316bdcd74d1c4cd61a2f73940cce36a3e38775,0,0,0,0,0
4b6eddb260cf69fa0ec1d343699edaa3c91de592,0,0,0,0,0
4b7f4f3ec8977c4bd930528c5a16f614edd59433,0,0,0,0,0
4bc882e9e5a9a33ac6310e9e66234803cb51b2b6,0,0,0,0,0
4c5fec07ab429a07e915617d597778e7d7b3bc83,0,0,0,0,0
4c7aadef8f8567eede8cb0690f090afe1b26c815,0,0,0,0,0
4c92d992f539b1c7935a2ad8919ea143ec457bd5,0,0,0,0,0
4cccc9422b54fc433479e10306a5293839cd1891,0,0,0,0,0
4cee51b2788d75bf3cc62fe90ad2c44c35b96b8a,0,0,0,0,0
4cfa6e5fd96a7e01e57d3112ad22a99bea040aed,0,0,0,0,0
4d243e1434da227f8f665bb2f3f42e3e9a240197,0,0,0,0,0
4d30e5726e84c02fae86f224a0bec2b2f27f0997,0,0,0,0,0
4d4b0b920ca88db835c48891e2bc915ed37ddb2d,0,0,0,0,0
4d991190f7265ce225ec8e954110adf7812a9fb4,0,0,0,0,0
4dab277070219a9e560f549a49f8a6b5c78bd86e,0,0,0,0,0
4de4d5dfb2f1584da96dcf14b1b38077b284a9f4,0,0,0,0,0
4df59854dd007fb1ab530e4f2c592afbaa6c89e2,0,0,0,0,0
4e5bd6e8961e9c4799618f589d470f6878326c06,0,0,0,0,0
4e6c10248378a0d05b5a65f983463c558e52070c,0,0,0,0,0
4eb936b5f5f9af34bce71a68a663708d05d7c160,0,0,0,0,0
4fc0752c514347b8d2143130e12894fc9dc29341,0,0,0,0,0
4fdd17f3d722646d7523eba88c70d71bc581b121,0,0,0,0,0
50092d4f78944002cd8907b6f0e18aaa47e38681,0,0,0,0,0
501365960bedde7040ab68ccae6c1fb3a9fb8162,0,0,0,0,0
5016b0996b59b836fb5b7212d0e75013495fadd4,0,0,0,0,0
5018c43ac36a275028ed9e1048fca60e68f1e7b8,0,0,0,0,0
501b5e2676faf018e4737f586ec6e62fc385f168,0,0,0,0,0
5026edc3937dc8e12639053066b8a7130746c56d,0,0,0,0,0
502842bf998366359620b9486789f1e85582c4d4,0,0,0,0,0
50619271d55a78bf05f2dff89cdc893c8291f74e,0,0,0,0,0
50a8b92b597491939365a098c448b79c8d283334,0,0,0,0,0
50e24045ab34f9a06798545f90b82d7faebbab6a,0,0,0,0,0
50e33fbb7c515474bb684b8312b877f75c64d5d2,0,0,0,0,0
51613eb8ad494addcab281bb55bcfa4d1362935a,0,0,0,0,0
52004be06c1495c8a2e8d3af7be60f4a3978f103,0,0,0,0,0
521947b7254043afad5321488b45bd86bc9fa9e4,0,0,0,0,0
52389364131fc64749e056382f21e7ab23096fb7,0,0,0,0,0
52488500b9cb9ad27efd3e9c7e1b6069d76f9ed4,0,0,0,0,0
524ee4d9cd355c91d4dffe1725197af0d6918333,0,0,0,0,0
52a9e8ca172d2bde982c97193a5ee5f7a6a97c15,0,0,0,0,0
52e207a7301dbed444e95437b27b36f9c739fe13,0,0,0,0,0
52eee36406e8117cf59be7b9906e0dd085b70f49,0,0,0,0,0
52f3116321ab77268a26b15caa4b5977934d21df,0,0,0,0,0
531188121a60a5fc43d8ad724fc134a921e73659,0,0,0,0,0
53175daa7da6c12a02bb5d43fe53bb144d52c844,0,0,0,0,0
53332d2e0363433b554581a07239a648c5bccaff,0,0,0,0,0
5369aaeedb5bc24f9ef3f1bc3030397a5eee1ba4,0,0,0,0,0
53ebd8e93dc6ac7e39f636449ebc6bcb84a7eba1,0,0,0,0,0
53fd639b02e2f3b268a5f0258e0ff0945f01f3dd,0,0,0,0,0
54067c7a878c3b58fd11de9198320fa4b253e3de,0,0,0,0,0
542e0fdca9eca8f1a8ac3f759f2320f897941e3d,0,0,0,0,0
54c6327ea2d922515d7163f6b7d440651e35cc17,0,0,0,0,0
54c6903a8b969096bb76ec66c4a13b6e0b79c7cb,0,0,0,0,0
5503e470d7193f77e462e47a43d9f9b6b66bf91b,0,0,0,0,0
555ed405d478feb0d94588bbac2b59a51f6fc4a5,0,0,0,0,0
558bb6fa5f377c6c25426487db900d7fda9bbeb2,0,0,0,0,0
55da7de7ff954cfc1a71aea496f4ed5b9cdc8bc9,0,0,0,0,0
560fae6ec45faca058217fe528498b8f3f60cfae,0,0,0,0,0
5617a7b9fb9683f0d8f9252e693e44b0f056df7b,0,0,0,0,0
562784ca558a3edd53d16967c5c8289e67ac2b31,0,0,0,0,0
56b8911bb19bc8102fe4fd245f0de4a221bdd5bb,0,0,0,0,0
5732dbb50d3e1063ee48700c04b4ecd8164ed3b9,0,0,0,0,0
57453b728072b8f4ac1a990da4c20fac8ae2bd17,0,0,0,0,0
5745f26be877d7bc6841578e9976b7975cb0a50f,0,0,0,0,0
575669e9a06757b33795350edf2ecc3dc7c55b5f,0,0,0,0,0
578b9b45ee51e49001a85f9d4c2fa417109a2d55,0,0,0,0,0
5799cd2160dee3092a53dc89f8bdf4fb810a2c80,0,0,0,0,0
580f1261670fc795dee645c261a1c8a14473b21b,0,0,0,0,0
5818195dc82ef1b86aa03ed7644cb973307a2f9e,0,0,0,0,0
581978bb76e9d205671c4fccd7ca5efe25afc973,0,0,0,0,0
583018a3e6b001d56495e5b2c5f0af165905c0c5,0,0,0,0,0
58797486ce63157a998329605a155c6226ec4cba,0,0,0,0,0
58aee3aa1d94554ff57e6a053dbd60658e4890ff,0,0,0,0,0
58b15b8d9ba8a56c867a26c0598bd613a57cb77c,0,0,0,0,0
58bf4ab284faea337a0d32107f98fad33ca5ae72,0,0,0,0,0
58e14980924abd6531656ef3af536852284084f8,0,0,0,0,0
5959fab7b3f173e06a13ced0f5aecc60cbde40c1,0,0,0,0,0
59aa58b5a39079b7f52fbb08f024848e4c2a1edc,0,0,0,0,0
59ccdd7b9de47214adaacc2b67ce9923dc382f62,0,0,0,0,0
59ee593b27cb3b792b3f4d9c7ff0509265409521,0,0,0,0,0
5a2d56de8f4035ee0f63b1eb158fc1474ead5633,0,0,0,0,0
5a6e4698b3f6b34fdcc3f4cea46be02316337834,0,0,0,0,0
5a772ebe24a1a88a37e93bb5d5e09f527a31d14b,0,0,0,0,0
5aa9f42e2997030682037a7545035c07b2f9d10c,0,0,0,0,0
5acfc258efd4d5fa8756ea3cbc7a25bac5203274,0,0,0,0,0
5b17d138a5aa1cf2c6016e9b0aa92a893f2bc3bf,0,0,0,0,0
5b1ad0ee8439755707f2651b62a58eceba714a1e,0,0,0,0,0
5b32610d9fb1e6c06c9a759c9325afe1c580bcc6,0,0,0,0,0
5b5467b06ed20a92a9137215df91d48e80aa33c4,0,0,0,0,0
5b8bbeb9a7ca0e754c4d54d25d164f9ad29f592c,0,0,0,0,0
5b8dbd2f3e9a7a2bc4281d4cbff969b8fc191e86,0,0,0,0,0
5c16246513e338b4ebe14d84ecc16ee1f87447a0,0,0,0,0,0
5c72a46844f5cb42829a1f1845c3d60d72fbf310,0,0,0,0,0
5c86228fe34314d82d5db352632cf55f9d450c48,0,0,0,0,0
5c8cef625915c6a1220f0cd86ce0ac0dd78a6e6d,0,0,0,0,0
5cbeb23ec37cd92586317894971a58371c66dd5e,0,0,0,0,0
5cf8576037a8428434adf073dfa7fcdc1d4b91fa,0,0,0,0,0
5d087f02d1541d434bf4a32e539c1d0d1868bffa,0,0,0,0,0
5d5311827f2cfeec7edfe2f8870a2b865a07dc1f,0,0,0,0,0
5d5634590701455990abe734d362c5d5c7bee90f,0,0,0,0,0
5d8ea177728d8ea79812d96a27219a7d5d2620c5,0,0,0,0,0
5d96d8e3f4ed7494a97ee83502cae3f3f87d7b9c,0,0,0,0,0
5dc9d7f6d10704dfcb4fbdc56e4bca75400ab27f,0,0,0,0,0
5e3775e6cd75950ecfb2dd52d44c0e40b59de390,0,0,0,0,0
5f01334d1c0dbfe04ccecfaa6eec1cc5cc534e3d,0,0,0,0,0
5f23900038a99e911753e9c154bddadb5d15508b,0,0,0,0,0
5f75d7ccb5d7641dfd0c6dba3dc61942ff643b72,0,0,0,0,0
5fdef434a2b49463e5cbb4a729574345647a194b,0,0,0,0,0
5fe829f295891aa0dab6a838791b576c5660d6a9,0,0,0,0,0
5ff773a6eeb3180c55f96aa7c5e4eb6183a5273b,0,0,0,0,0
604802030b06eeae31f0f9f9f44885a00a60ca5a,0,0,0,0,0
605af423115f4f3a1242799fd315157efcd34729,0,0,0,0,0
60a41d7436e2647a15c7d57aadaf1d6fb7e37974,0,0,0,0,0
60e112b51e98a607921c2a29cf2e46d57df95921,0,0,0,0,0
61023bd78d026327e80ea3a76d8231e54c72ce55,0,0,0,0,0
6104898c110df931c113d79fe356470934a27d28,0,0,0,0,0
614fd786adf4a1876a5d5b7c43897e7fbce29c06,0,0,0,0,0
617137f0bd56b49da4ed41bc8caf9ac0eae9eedc,0,0,0,0,0
617227c2d4b80a8f4c20b82535aac34dfadcfa17,0,0,0,0,0
618ceb1dd4ea60b89c8c921896c37f3dcf45714f,0,0,0,0,0
618d36b105582d3ceb1bf8b194f99d9bd3bb2e02,0,0,0,0,0
61b4d23253eecd6cf2fe1a8ffd335d2e5f937810,0,0,0,0,0
61d337198d7bc3441d0a5ca14d17c32a2eb922a3,0,0,0,0,0
61f0326e3ed61b418db3656ec18884cafa1e705d,0,0,0,0,0
624320fff44f833c1c8296fb299ab6825c2c5b42,0,0,0,0,0
6263d9a1596e632b0e35af422c6c7b7c19319d34,0,0,0,0,0
6290717e64a93dca3056942ef52034b12e2e0891,0,0,0,0,0
62e30da20c6583c451115b772c017f0ad8837eb4,0,0,0,0,0
62fa2d435fe7c8fd8c397d9203b0efed7702eea9,0,0,0,0,0
633d378a5ddbb5f2b7cc63788a66ba8cd43591ab,0,0,0,0,0
6357380f249a669fb4943a25c1f519152b9c3bf4,0,0,0,0,0
635df35717a0191c013fc3eed105d72f350f89e9,0,0,0,0,0
6360d3db5c148abb44efb1722f91ee852935b23e,0,0,0,0,0
637dd71e973595ece26e0c25f9b2a93f4bc494b3,0,0,0,0,0
639cd49dede254f5fa9b8b5e95f15a6118eadf03,0,0,0,0,0
63bc19b4b88d7bb78c33368241e3ecc8617012c7,0,0,0,0,0
63f56c8cad492e08f889b57e038a78e5557e5254,0,0,0,0,0
6424e559f393310c073f4d6fe7c78eec68a2e4b4,0,0,0,0,0
64871a0691cddf644392c9d099016c4580e226fb,0,0,0,0,0
64a93a8c68b5deb4b10a11724d4168953da105d8,0,0,0,0,0
64ac267142e26e3b5fe2faf8d8a52a92bec46034,0,0,0,0,0
64b3100a90d7b579b4f66545e43c10fe9c0d8d42,0,0,0,0,0
64b8e10e63d628388b011950c876f16442751bca,0,0,0,0,0
64fa4e7b5eaa2a99c56443b65507159d60e1e960,0,0,0,0,0
657815adacf02df2786a40af37c538fcfd4888c9,0,0,0,0,0
6619b1412033a3a2101a83acc0886e7e5eb4202d,0,0,0,0,0
66233feabe9d6522180481e341a021a46f43ce61,0,0,0,0,0
666d159ddea5ec0bb15462f9c781fa72fc2152ad,0,0,0,0,0
66bc5c0a87bb4f42fc38fed7345879c55cc91a6d,0,0,0,0,0
66e3665d6c0148cc17e299050f744290b8a3d093,0,0,0,0,0
67739262a5ab2475ae7180e250e62e8d3e7e3db2,0,0,0,0,0
6785befb8d46eba5ab121260b0712c1a47d7f5ea,0,0,0,0,0
6789d7f08729f9f8fa244f46b6a7bed62f5159e5,0,0,0,0,0
679aa28fed2eb1a03cbed1fe216be4df18fc1712,0,0,0,0,0
6882c98a5a411b163d838e9aea148cebd5aab5c4,0,0,0,0,0
68cfb4cefd190d64520200428b1a773d5ac65853,0,0,0,0,0
68cff36caed2898f19953a94b3aed78b29116044,0,0,0,0,0
68f2fa12b2724f34f4a5eb70f9a9d61d32cedd5b,0,0,0,0,0
6921316307f25e1f070c18a393f61ca57040842d,0,0,0,0,0
6924a0be0cfb962389189d06d94520969f1edb6c,0,0,0,0,0
697fe27651f3e320d31b68f340d284f4d1ceb3a2,0,0,0,0,0
69bb74d66efe6e02fdc08fd29a1ccdd84a09db62,0,0,0,0,0
69c800368874c2c6aa0a05203ca693b518288bfc,0,0,0,0,0
69ec582506cb25ebc18e901e321f06fd9013aca8,0,0,0,0,0
6a1392c6a0d3ebddd1de6e260b5862d1a572896c,0,0,0,0,0
6a274eccab7892485536c065854a6da4b496a625,0,0,0,0,0
6a58f97d959a1a061cc94e0ee613986c7d017ad8,0,0,0,0,0
6a8a58f0394fa1b8b9fa401bdd88d3d103fecb47,0,0,0,0,0
6afc6c4f1d14d5569ca59ec6a8366f24617cdc49,0,0,0,0,0
6b0cf9f25c17d4548d4efab83260f8038a6de4ef,0,0,0,0,0
6b262ee93120e0a1644994735fe7b346a3a2225b,0,0,0,0,0
6b9453518b7e7749cff874b821f8d104f0a1ad7c,0,0,0,0,0
6ba8844ddadcac56422e8034a0425e7747265d9e,0,0,0,0,0
6bbbf6f199215b285ef61d9aeeb1c93e9c560864,0,0,0,0,0
6c235a74119d55dbd3559b0b7d1bbc04e9f787bf,0,0,0,0,0
6c923170e43107bf80cdf29d092a8e2fab805c30,0,0,0,0,0
6ca7be5ba4e89977b21edcdbed449805b7588524,0,0,0,0,0
6cd87e2b10f1c509ad970c519843efd4fea963fa,0,0,0,0,0
6d2bcb3ddb35a2d843625a75e0b35b3d4e334c54,0,0,0,0,0
6dceade8d897ae6d1a852562410c6b3696125d05,0,0,0,0,0
6dd5e61f60beff3e1b431d679dd5854f6fd8dd7f,0,0,0,0,0
6e21bfa733cef237f87765595749641afce188eb,0,0,0,0,0
6e7c9c3cafdf89e02fa3b4a3d5615574bf778123,0,0,0,0,0
6ea294001b6f78003b2e13e85b0252dfe7105302,0,0,0,0,0
6ed4417d3de4a939fdb48b3e110d9e5e8b47bde4,0,0,0,0,0
6ee12308a614a08079b7e7884e9b154437eced0e,0,0,0,0,0
6ee3c1053c82b37f43a87086e0496f11a1cd9fcf,0,0,0,0,0
6f1c14f17352c43f8f613478bfa9094fe6081c95,0,0,0,0,0
6f1d449838e0268bcf3f98b1f75599acb264606d,0,0,0,0,0
6f2b7f26b1a1f59e014c572ee6f38802da8e5974,0,0,0,0,0
6f487919066078ae5e2d08c7e2b4f593eca6b3d6,0,0,0,0,0
6fca45a91078b43e391fa3181c2d12643fdb713d,0,0,0,0,0
6fd8d72582414959b81f736ce615be6460be48b8,0,0,0,0,0
70c478677047b4b00cecd462c30b55ace1eb086d,0,0,0,0,0
7141cc0565e4ade59694dea1fc763addd0248c49,0,0,0,0,0
71a2a1345d8a2c4f0207ce2a3dfa51f4b43a58cd,0,0,0,0,0
71b9276ee4c3ee28476615bae7af34d619ab1650,0,0,0,0,0
71bd90d681e50bb0e10723525ed6c5ac126503e4,0,0,0,0,0
71fd4d43438e740869f1302716a03863d57bc88b,0,0,0,0,0
72047c2ecc3dd679c4f0cd8276612934114ac56e,0,0,0,0,0
721a31c9ac2b94a4e71f0680efbc0a8a48388f89,0,0,0,0,0
72239f6ee95fc60332e5551aa9210cb7a412cd08,0,0,0,0,0
72562d5df82cf681a20660315014691be110e15a,0,0,0,0,0
727432189a618542e8c5f0279d02042fbf38627e,0,0,0,0,0
72b0721d459d10fa5f3fbdbc54890e7fc4322857,0,0,0,0,0
733b492f2dce7e6a7431535c9ac2bff218ae7310,0,0,0,0,0
735f520a7acfb1da864d7ed41eb9ca907018a02e,0,0,0,0,0
73758ef1f2c1c88bfa2460e56c1014d9cdbd5bb6,0,0,0,0,0
737e9bc0682fa0c1da5460a75c38d5b5fb9f626f,0,0,0,0,0
7391478a4a6cd67e15d01e0de0280028935012fa,0,0,0,0,0
73b484b59fe8ccd1ea387781cfcb307f64626a04,0,0,0,0,0
740ddb0b1253eaf5a8f694c1561aab3898f94236,0,0,0,0,0
743280d1f3d59a6fd96d6bab8633f94eed8de854,0,0,0,0,0
745d2597fff1e7faed78b9bfe5fd7078b2e8ae76,0,0,0,0,0
7460c0dc2c2b4409c875dd838a8ac4d0e7640c82,0,0,0,0,0
74d4900964a84fd9af5d4f67a4d7ff23486b046d,0,0,0,0,0
75174185e289225d5ef42a17ff7541d79409d81e,0,0,0,0,0
75380a38f0bd7cd8b49565a6c79ac63a7e7a0d64,0,0,0,0,0
758cb430b7a1813d360d9183978d8317773815ce,0,0,0,0,0
75c582ba616d8f7bb3bc0cbe3a0f2d900d3fe25e,0,0,0,0,0
7631d2a4862b8696d037be74ae03ca6783d2d02d,0,0,0,0,0
7710932bde4ca0ccea17ce889cdc9a97eff2947e,0,0,0,0,0
771992f1d27f0aa23708611b5733980796971e89,0,0,0,0,0
774e3340401efb155d9fe6b6335d82daa423706f,0,0,0,0,0
77a4a170e752706645ab29dad6fba028607ffdcd,0,0,0,0,0
77c028788501d4cee3d89bdbc6df7c88355db164,0,0,0,0,0
781b31cc1654baefc49002bd7f5f20fd6f06ece5,0,0,0,0,0
784a31a5aa4c0a985c8a57178b4f926dd0d2490e,0,0,0,0,0
784d5231d4e9490ad83bc2d0e437e3b2ffd388aa,0,0,0,0,0
78f5d6ab6b21bf131c81d2271eac5f741b454ee1,0,0,0,0,0
790bb0e9ee9dc366865dca419180d5ccd5f4f0d5,0,0,0,0,0
790ddca5decc331d39c21cddcdd8757fae87c86b,0,0,0,0,0
7920d21b1ccca84da6df5d6510aa6d30300b7fd9,0,0,0,0,0
794825ac8ea36a584d28ccca0e5f081dcb149b53,0,0,0,0,0
796c2db2137687c4114afdf82a60921372160764,0,0,0,0,0
79b06459a66f92a021e085710b3cd44c286c6013,0,0,0,0,0
7a5152f7711ca295a3f854a8bde2563c49e398fe,0,0,0,0,0
7a6ff39cbdda2ad3b37cff9702af218ebde5ed34,0,0,0,0,0
7a7fbfd1cbe94d882aaa08cd5cd244fab33893a4,0,0,0,0,0
7a952147c1ea570c66008cd1dd170227c064403f,0,0,0,0,0
7ad9326bc9500287e796d0f23f529e2dbc2282b5,0,0,0,0,0
7ade65877708417e5d7e0e781209c4147029c7cf,0,0,0,0,0
7aed818a1c94c2d05baf2b2ee73b12803878e0f4,0,0,0,0,0
7b281087a160effcf89502a1789c4a61edabbe83,0,0,0,0,0
7b431d5b6dde0737aa12f92435e0fd3d7306051b,0,0,0,0,0
7b57ec1a95b89697a7eacf7247674a332edf3a44,0,0,0,0,0
7b6d3e6f1a05874adc5f5929c4d6d50931fc6494,0,0,0,0,0
7b877dccd9212dff93e51b26105ff48d48d40786,0,0,0,0,0
7c3b0de651ebf290fca93f600a03a59de64ef5cd,0,0,0,0,0
7c6fec764798444ba48b9e29c28907b52a9f7461,0,0,0,0,0
7c9c60384f852b1018b03d72d522bbd5f47c30eb,0,0,0,0,0
7ca1b27aba0d373e72143b6d4829b1766cab05a4,0,0,0,0,0
7cf05f7bef40f282ee3505f13f7c8c9400c065e4,0,0,0,0,0
7df19dbbe38fc64abb38dbf77823f33eff95a0ff,0,0,0,0,0
7e2c139357e1aa60a9eb5f8b55704e9b8c99aaf2,0,0,0,0,0
7e628d0421fcb4bb226d1e96075626288b65c711,0,0,0,0,0
7e6b5bac0cd7dc4a049dd244f3ae5d3e92e645b9,0,0,0,0,0
7eac2bf5cda2744a31d4344ec96acec36f0a2a54,0,0,0,0,0
7ebce418a37093c4bab86409c3c2e0f428e88175,0,0,0,0,0
7ed93ef2f8f44850ba66eca3f0e7cb75f0057af6,0,0,0,0,0
7ef98c43fe16c30a6ccc0740ea9125f15bca547d,0,0,0,0,0
7f09297fc1b6574f88998b31c1d81b3e91a18c48,0,0,0,0,0
7f9997156d9570ecaffc25844119687e0163c182,0,0,0,0,0
7f9c782a3bb19fc187af4483ee8853f27d7ad88f,0,0,0,0,0
7fa086a2728956870a846a86da4e02671eb25a7d,0,0,0,0,0
7fa49d935dcbc001b9a575a44b671de14baa5812,0,0,0,0,0
802bb47bbac63060cc2a31ea488a3e88e898fd24,0,0,0,0,0
80657bbb29eaf7a9bb0e49ed7e8d6b3f7f5930b2,0,0,0,0,0
8073e0fec4423f60bca714433d608d84f98043a1,0,0,0,0,0
809931de28ac84cde391bb4184fe3cbb8a8fb3d2,0,0,0,0,0
8099b0a0e3cc5f9932577b989819453fc85d4930,0,0,0,0,0
80a72a4970ce34d789d3bde3bdcc1897a4d96d74,0,0,0,0,0
80b72ffb6209c77a1b6317a35491a2ded6b52321,0,0,0,0,0
80be339d9c32080b162f55e76cb3d04c646f1571,0,0,0,0,0
813c5ddd13ccdd76a16ecb6ecbeefa0477e6471c,0,0,0,0,0
8157913bf8aed60ca8bb93efddb90d2803aa6a6f,0,0,0,0,0
818f42973d933924c2459d0a3051233e8b572558,0,0,0,0,0
81a21083e49c2c7cb50a59102453bc94da5dc661,0,0,0,0,0
81eee390bfa2ba4a6783bf742d7c1f5577872727,0,0,0,0,0
81f4e7e4447feb07eeace7a9e61165191bc5fbe2,0,0,0,0,0
81f5fc093364e94b8bd6e20ceef313e89e5a307f,0,0,0,0,0
81fb4fef951ee50c5311c6f270321d2419f27e6f,0,0,0,0,0
82402665be55b87f84aca36ef2f01139a704e6af,0,0,0,0,0
825097219ff0a24995bd0c1990e7aad327633d41,0,0,0,0,0
82741a528f701adadc471d3025bb9781b5dbac08,0,0,0,0,0
828eb52539fabb6f2a63b32d3f2ae8a783f0e924,0,0,0,0,0
8295a1111aafc032d6aac0577cd2ae74f2d6ef18,0,0,0,0,0
82aa9714c0624a02478fcca3f7e098c1a5a61513,0,0,0,0,0
82beb10b4596758f4a7f7026962e218ff67d952a,0,0,0,0,0
832cc72e0de7acae91cea6cfda292a0b29a2765a,0,0,0,0,0
8372eb7514a3de5ef20435e1aabf0808e7f25604,0,0,0,0,0
83833f6832ba25805852cd145ae2a0a1c5ba0001,0,0,0,0,0
8421b52dfc2c73a5c1a5bb5492a9093f019e40f1,0,0,0,0,0
84a12a8fb9ffb82c79899838ffaa32cce933a8f5,0,0,0,0,0
84a84af332d8410a649bdd889722d90fddd46bec,0,0,0,0,0
84c6dadff44ba7c6d6daa7a2e59e0b59d46364a0,0,0,0,0,0
851a6548977da40c3fe95f93c8fa63820618640d,0,0,0,0,0
8564e8dd4c184aa8f193e7ffd7a19529a2ada380,0,0,0,0,0
85b739fb368731cd3a22a740d1b08dc8377200b5,0,0,0,0,0
85b9380dd8658400eddbc561f13b9e2602d25585,0,0,0,0,0
85fc7c85ce292cf90c89ac9de6920fb23355dd90,0,0,0,0,0
86b0edba7f83c164a8cb1b597e84cbaf473771b6,0,0,0,0,0
87344c94ad76e7e284ae2c6ea21f2fb4af2d6e6f,0,0,0,0,0
875b40e7c1a60b0df8559f1570f8f66691bb9cb4,0,0,0,0,0
87681f25a07d0a804ce9e362e1567a0d587b4815,0,0,0,0,0
8771c61774bafb439e99f54fe2f1ec8a595f6a15,0,0,0,0,0
8799b775bb3366dfbeddbdd164c29abdef9d282e,0,0,0,0,0
87b2eec153fcdc330b4c1bd0afab63e028638377,0,0,0,0,0
87b3e02af79114d65b1f4b982d644dfa8ecd49f9,0,0,0,0,0
880628b7c9df29b90860022f0ac69ed3cc1b4d29,0,0,0,0,0
8817d1ef9dbe2964ee7ad49511b168e0ca188c34,0,0,0,0,0
88265a7926dd85e77d10f015df7158e877b450a9,0,0,0,0,0
88ec6deb265592eacf5180b3720bfd69274b3a03,0,0,0,0,0
8925998973a33a0580f4b36f6249793330e00448,0,0,0,0,0
8927230a94cc87b5007f95b83a056838711a8d18,0,0,0,0,0
8944fdc054984a2d284ab4b46cae71a7425927bb,0,0,0,0,0
8964da0bbf32d72667b4a8a7132c59a21efb5ad4,0,0,0,0,0
8971560da841654042f221f023b57627ffb3c68a,0,0,0,0,0
897bf1448815e1b20b77416abcd4502baa854609,0,0,0,0,0
89af600c262bf0f90467ddc60a798c710409ca5b,0,0,0,0,0
89b3233697a364f36648f5cc762b8871bb796219,0,0,0,0,0
8a00e47d47f430d08e977673bb3aa1260773505a,0,0,0,0,0
8a04bf8e4820320ed7dba53cf31d7346ac0cf6f8,0,0,0,0,0
8aa6e6fbcd12d694dbdd004d64ccde6fc467e228,0,0,0,0,0
8ac57b97d3011dd06d76b12f98d6ba6e379a8583,0,0,0,0,0
8b6d5c21a1cd3fdc808991200d40ed4216fb434f,0,0,0,0,0
8ba27d258fde5d01ce3a01d3b32e3a77f5aaa01c,0,0,0,0,0
8bac789341101abeb21ae2bc647a5ac4537d8bf9,0,0,0,0,0
8bb8c2e76969a4d5dbf60a5d57eb04af8b20c4bd,0,0,0,0,0
8c0d596e13f61b8f2785d18f7728cd7f59dfd91a,0,0,0,0,0
8c399ef2d3cecd969018e5919f079602ec8592d0,0,0,0,0,0
8d71c5e43546c487adfe2376024bca4f71f13cf9,0,0,0,0,0
8daef43d6364153b91cdbc9ce110c9768d62c747,0,0,0,0,0
8de16294c60318a5e14f3d75ff1c31efd33f4929,0,0,0,0,0
8def6fa867c1f6fa018a75d9437c96da27ebc653,0,0,0,0,0
8e09bf48158e6e3f1895bedab209af94422a38d7,0,0,0,0,0
8e29e7517b9d8cc0bec21b841cf4bbc2dfb1f2c9,0,0,0,0,0
8e5d659c8dce795ec6ab2ed7a1b61cd39688cb5a,0,0,0,0,0
8eb1126142f953756615fafcbb2cc29557298c18,0,0,0,0,0
8ebd13d8cc5bf38e26fba6b558a3ebb6e425ac5a,0,0,0,0,0
8eed74ac393a9c28b1553d8f19bef476e170be8e,0,0,0,0,0
8f157f16224358eff499e4d516646d594376bc53,0,0,0,0,0
8f21bba585efc8b1d70bbbce9453745a6f07fe3e,0,0,0,0,0
8f6025914c3d077bae6b408315ada9c4838de506,0,0,0,0,0
8fcfecacd3c47dafbddcbfaeb72a09f51e04b494,0,0,0,0,0
8fe33e7476cb5b7f63150df082a0f91bde079be5,0,0,0,0,0
9055ab4f12aad23abe3b5dafc2d48c5c293d17cf,0,0,0,0,0
9066fc88715e33b69494562e2417356810a0286c,0,0,0,0,0
907fdc32fd896f08a94c5b27ac8913bda5e0aaaf,0,0,0,0,0
90e0b14f284e0319a84dab9ba868a0201b8406a1,0,0,0,0,0
90eda08f48d3f894a1ec1e7e68ca42eec7b9ab9c,0,0,0,0,0
90f9f6236bf100916598e240422ed7143d336444,0,0,0,0,0
910dbff5c52c1ca9c7e90f66ac8ccb6fd9f61958,0,0,0,0,0
914b001550281785098ac4cb2fbf6f1d2ef65a41,0,0,0,0,0
914d19fd563923a99daf22b5f4bb076be008a2fd,0,0,0,0,0
9153e54b3bc15a1e89adc3fdc502966689bf1e71,0,0,0,0,0
915ba928b81b61b9c0e562cd0d444499f382f4f1,0,0,0,0,0
91fb902c1e4ec7acc975c5120a24a2d2cb500220,0,0,0,0,0
92019adc09c1a28bb28b43afe1815e06f2fad72e,0,0,0,0,0
92053977a6b28dde78f6becc7609e7e36ff8ef9a,0,0,0,0,0
9228c551e38331bec7142222e3c95cb5f96a0247,0,0,0,0,0
927e636fa2d50337331faf0a3d5173850529489b,0,0,0,0,0
9299e6433f32a140e3b56adb2aeb3661afb103e9,0,0,0,0,0
92dce967653e37b0587255194db8191acff0bdd2,0,0,0,0,0
92e0f406a48566b9bca344f49c38f8c339c657e7,0,0,0,0,0
9300f3171f0a4df9abcb3e456046f7562e8be257,0,0,0,0,0
93090a1272d6e9c4070b181a3dc61b17c6ad7c8b,0,0,0,0,0
9315a4e62cbf0be09064a1543983028800e3ec36,0,0,0,0,0
93528a47cb418a0d319023602d2d1dbe22a14124,0,0,0,0,0
935df75fb21adc0c4008726e4baeb0337fc03307,0,0,0,0,0
9362cab7b1f02ae1e56b9b62b23f16bddc55b1b5,0,0,0,0,0
93e4e980d21e107163b60e3d56869b48ef0071d2,0,0,0,0,0
93fb42d64b30c15216541fa674a3a463d55b36bc,0,0,0,0,0
94b0f94445627a400153dd2edd229fe138391de0,0,0,0,0,0
950827f1535e1865470ab879f625a407cfeefa52,0,0,0,0,0
950e83f2fba446a7cca7d0387f3ce3235a596ea4,0,0,0,0,0
9514ae4eeea6d081cd345c84180d44defe56eca9,0,0,0,0,0
952b5f73d99ad910a2b872562ed92deb32f6c9ac,0,0,0,0,0
953dbdc2712c9e869fa8a37870fa62d0c2f12be3,0,0,0,0,0
95420db42eb68eb218464930925d3a1c8086709f,0,0,0,0,0
95a5a039696020101f02fc51d7d34f52fa6974ee,0,0,0,0,0
9613558b5ab1950db48f591e88863268163e7e97,0,0,0,0,0
9628e4a159ef849ea6afcde70f6358edd2c20bd7,0,0,0,0,0
967e6d875a1dbfd2a8a4fa2aea7ead54b543d3f2,0,0,0,0,0
96a9bd9d745a09a0d645b2ddac4a447ee969b885,0,0,0,0,0
96b36be6ff419d2fb9b35dfc05503e7ed2aa4ec2,0,0,0,0,0
96e09eb3e3afac7a1ef3334f3df1fb2ce8e3b19d,0,0,0,0,0
96e14929c32c48d5dd271c99a0206edfa9a6660d,0,0,0,0,0
96f1f0be06407ecf662270dfa3f793b51ef0db31,0,0,0,0,0
96f6511ac646fd5d6cbb923952aa3e7e275b230f,0,0,0,0,0
97180137e718b513c96960f856d97ed3b120d0c4,0,0,0,0,0
975383d8f1bb6bf4370da455a59e567c5f7e7dbe,0,0,0,0,0
978051623d4f7910a4ddd55b99ad5569662e68d5,0,0,0,0,0
979d205d2bbf709301db8b70852bd10970113df7,0,0,0,0,0
97b22e9a72b630f6de7d72e14f2f3000df7dad92,0,0,0,0,0
97dc0fe026418693904e4868702f331386900eb9,0,0,0,0,0
9827223b6be2be42cff2387778ed07e4112e9a8a,0,0,0,0,0
9846d89eeae0d807b02a436e2fcf481b3bd7fb82,0,0,0,0,0
986bdb07e65310e4ebb424903c153d50422d88b2,0,0,0,0,0
9892cbd1d2a4328213ac714dfe24a46da3283dfb,0,0,0,0,0
9895f081172c758e065896489e2fd2af8eff7d65,0,0,0,0,0
98a70c388e03db2750c872b65b38f0e7c3b6f6c3,0,0,0,0,0
98e92cd1fd1062aeca09bd068ba00e465e9d0cf4,0,0,0,0,0
9928f7fa825aff4637a52d48f5def4866d638c13,0,0,0,0,0
998feab6cfae08373049d3083ac990f902b93508,0,0,0,0,0
99aa4b7b310ede62a66fc6797801c10fb3f18f52,0,0,0,0,0
99e05a1c511cbf76e64d3fee419ce7f5635deb9c,0,0,0,0,0
99f84e3aecfc812d8d28677eb0ea9d0865961a4c,0,0,0,0,0
9a3c2f79840227c83eb207ce1b65a9a3eadc47e6,0,0,0,0,0
9a87006903e08e379a9496f868ce9634843bea83,0,0,0,0,0
9aca589737a4007b3036ce3cff316e22c6f47842,0,0,0,0,0
9afc1a2b4d9f515bc9c5fa39575d1cfeb5969612,0,0,0,0,0
9b6a30faa2348dfcec47c8384447f699507e711e,0,0,0,0,0
9b6ac379b03b908107ae8df566ba259fb4a63d07,0,0,0,0,0
9b7dab4354255fdfda8ce0c7e55237bb35f01b26,0,0,0,0,0
9b866284715be55e9a191da635240dc1df63bd14,0,0,0,0,0
9bf745ccb5a22910bb6557d9c5065e4f0b47380f,0,0,0,0,0
9c16c25eb1f2acb33ab0c5ef85bc7cbf4e9200fc,0,0,0,0,0
9c98d322f1e1c03867822cfd101c9c681ad4096b,0,0,0,0,0
9c9b00876222cd20f4ff9ae894ead1fa36526960,0,0,0,0,0
9cc0096196b2d9c6174e4e4ab12b6c05c519efc8,0,0,0,0,0
9cc09294223581af49a0ef72482f6a4be9469b89,0,0,0,0,0
9cd84cd14eb9cdf596d00a96d0fcf35c891b0419,0,0,0,0,0
9d13cf231ebaa17077222150aa737ebedc8c50f7,0,0,0,0,0
9d7bf1ec92ccf34b91c01093b93b09cfaed588c4,0,0,0,0,0
9d8f90ae8b33243294ce2c742fa466ed65c8cf3e,0,0,0,0,0
9def047c04147ddcac5d32b2b9638aacb09162c3,0,0,0,0,0
9e8250f92f72775c8e508808f215cec4ac703f72,0,0,0,0,0
9efa7906b28c4f1278f7b2b0736917a6efdcdfbe,0,0,0,0,0
9f165429099303d27923c2de8bb5e2efa92f0845,0,0,0,0,0
9f1702b44113e407f4be693ed91b39c61b7a90a6,0,0,0,0,0
9f52d77cdae11505ddf4776ae95ac9c0437dd3ac,0,0,0,0,0
9f67c236515506f0e2a80cb122e08a3f2bbac8c9,0,0,0,0,0
9fff4a006d27b240f15195970433028b7c317d99,0,0,0,0,0
a0285ee2657b30b0646d27a10adc4df925397cce,0,0,0,0,0
a07a9fc65276c7b3e66356369647d501687ab04c,0,0,0,0,0
a0c6401fb1c07118f4bb63f7ece49386769e1a1e,0,0,0,0,0
a11113e50f5711a29925f618136065af9c3c2dfa,0,0,0,0,0
a14d8bb64623087cc9764520fae4173e8cf687a2,0,0,0,0,0
a19d4b56498ce7889ac847c466c870a987824926,0,0,0,0,0
a19dea4e11e86bff4b9a65ace1bb222f83a2398f,0,0,0,0,0
a1d391ad01aa22d793b176f1fb8e092e243b1ddc,0,0,0,0,0
a257be61549c231c125c084cc5e8ef087bfc5f52,0,0,0,0,0
a262992f34139d818076c787fc2b683521768242,0,0,0,0,0
a2983bc28b9bd42c33903e5a0a80d0c2494fb88d,0,0,0,0,0
a2f6d6ff0f62276e425653dc834074230854ae79,0,0,0,0,0
a2fecc417616647bc98aad030152301a46a1f21c,0,0,0,0,0
a3400257cc6da250b6e3c02112201f12fe88d01e,0,0,0,0,0
a3c8bb81aa30afd27de00f07bc08ff1b9f957470,0,0,0,0,0
a3d534ba088759cd569f290427199dae40c00ada,0,0,0,0,0
a3fb0263888145b3e8a5213946f2f77a964238f5,0,0,0,0,0
a4404b8b4c1efc887286ece86cc72b5259cc8b20,0,0,0,0,0
a4ac80773e8734bb7afa1f1e6750d194980b37e4,0,0,0,0,0
a4b429ed6e571c822ec3c642fedb7b54e37e1b55,0,0,0,0,0
a51bf1fd150d83b6bab3f088f05ae1ad2ba331a1,0,0,0,0,0
a563a750d36fcdd1ebe1b64bc254675d689aa6ee,0,0,0,0,0
a599038bf7022cb0e9d0d9b9b901b3be58c0aca1,0,0,0,0,0
a59a4ee43d81b5eebeceb3b53b8737ecfc87a63d,0,0,0,0,0
a5de11781e5f40cd401f20b475cc0051f06e0e3d,0,0,0,0,0
a5f0d36e3a2181a7c9399c83265993b63e4f7868,0,0,0,0,0
a60c2d34fa4321a8f1aafc53adcc0bd77e696d91,0,0,0,0,0
a61b719feefe1e856ea6db2cefeedeb4eecf7837,0,0,0,0,0
a6317e7e908c3743410f36809b05c91d0597b32b,0,0,0,0,0
a63c46f1c92fb53c522c6f26246a5558e86ba3fd,0,0,0,0,0
a641973697045ecb002324e5e94e194b5043f695,0,0,0,0,0
a687352ae1f99b7ee12fb52db8d3eff7b5842396,0,0,0,0,0
a68e1cd072da13f6815d92b3427e65f18ce0d7a7,0,0,0,0,0
a6a82b5f5fd74c15ab95ee41d3b1bdb093dd6d5f,0,0,0,0,0
a6ab6279c49859a309e7635bf5c9a58cb67cdb1e,0,0,0,0,0
a6f9524e2d54f0bb869afdd4df7a74c6304c4781,0,0,0,0,0
a71160643f6e2171f2be2e52c11c8332e16b045f,0,0,0,0,0
a73018ec3aacba5c1ca71831f183eda81f1481c4,0,0,0,0,0
a76cc2dc5b6c59d0ffe466c8dd6f4be22c0dabbe,0,0,0,0,0
a7a36eba4e6f2010f4279e58b313181c630cb8d6,0,0,0,0,0
a8abcecf7e3e2922cdc49468b3f369f2ea295377,0,0,0,0,0
a921e2c4247025be7247ef32ab7b4bd02d5378fe,0,0,0,0,0
a9785f054fc51e55009da4c78d9826333c7baadc,0,0,0,0,0
a9a478475998201d18bb95e7baab0b799cea9809,0,0,0,0,0
a9d176ec1baea859c466ad74a87f3d06fc959e36,0,0,0,0,0
a9d9494484aee1a859ffc079838829ab27ede021,0,0,0,0,0
a9e3bd5d1285ae5c79e16310c4712dbb0b2d4d0c,0,0,0,0,0
aa2e03ee8f11facdfec5c357e0fc987adc1ad8e0,0,0,0,0,0
aa2e45dc757c7fb476722a6ab0ab02d79d17f5db,0,0,0,0,0
aa3d7d93c5d08b69eb8f0be7f58dd3bad595a323,0,0,0,0,0
aa3f6951c32fe66db3ddcb4ac081606fb3ce5ff0,0,0,0,0,0
aa4fb0146659d0713351e5ac23315f549bca5389,0,0,0,0,0
aaaa3de32e2bb82d4f724acec8cb146d3425f771,0,0,0,0,0
aad3c9fa7e5abd75cd4fc4e76c44608a827cda5e,0,0,0,0,0
ab0573c5fad77973d8032da5583ff200d6ded9a8,0,0,0,0,0
ab78de95ce2bccf7828f06f62280318fbeef83e7,0,0,0,0,0
ac2d59b08a60925d90bc6b874f55eb637cb91cce,0,0,0,0,0
ac37b67d868c42fe1f1bb8787f759efc13dc1f22,0,0,0,0,0
ac3bb264d91b914866cce86bf407c2c014a44181,0,0,0,0,0
ac4fe2820b4ce072f7a20c5858f93a06497624fd,0,0,0,0,0
ac575d1705d8bdededf8b0937317c85d518b8587,0,0,0,0,0
aca61929158a49a75faf74697df765aab9ee3ac1,0,0,0,0,0
acc1819eff732bb96d4ea17d2f12cc882e42535a,0,0,0,0,0
acf29144dcee2f39efefc957007b08ce509481b4,0,0,0,0,0
ad1390e694ce72d24c9244cb97d3bfde4e5b807e,0,0,0,0,0
ad5cadab36e5f9bf048ed5ac77460c75a81fa6d7,0,0,0,0,0
ad8ea9231afb45add85e8d5f1ab90767090ceed4,0,0,0,0,0
adc859e0aced36905e67fe3747492b90dcb04649,0,0,0,0,0
ae3baa6c34aa523fd2aa4de3c89448efff922311,0,0,0,0,0
ae53cdc13a51df53d1bfb022ab8cfaff9d86ed75,0,0,0,0,0
ae5922ef2aafcfc09e714f439e0abc8910acca06,0,0,0,0,0
ae8f2bf59b806326cbf5e9216764fc7c720aa0fa,0,0,0,0,0
aeeb2f9f6202c23e51da33c3bb17aa94773b479f,0,0,0,0,0
aef83dc3b29a3f0b134e8d5e9caba49fe411b6f8,0,0,0,0,0
af0c363f7207e4199d3b5cea6cd5ca977ce58756,0,0,0,0,0
af7fc5af7f0d17eb6053fae764c19eecb98bb0b2,0,0,0,0,0
af9e220f6610cfa4ca22b2ec62261f7ee9e3148e,0,0,0,0,0
affcfab8fa5467f555ab9a19fa296ac7456bf9cc,0,0,0,0,0
affd5449f7828ac42b1e735cdfa59ba404017f71,0,0,0,0,0
b04dad4f1870c0532575b7649af87b09e7a6f36d,0,0,0,0,0
b0a5b13388bc58286ae6e8dd9469a0d2c8f63d42,0,0,0,0,0
b0f3bc798d6c3c45dc72a428d2cd9314697bb844,0,0,0,0,0
b1807b0293714fd077c5a446e20d392e0c4263ae,0,0,0,0,0
b18229823538b034fbd2739a975e9649098aefe8,0,0,0,0,0
b1e4fe5a56790c796878c91570eb55dff230bb4d,0,0,0,0,0
b1f0d046dc7745107c56d319dda1efa405694316,0,0,0,0,0
b20e138790e88df3b650c1ba95121414e3150d39,0,0,0,0,0
b210cb5997bb7165f8f299435daa3a42f0947500,0,0,0,0,0
b2370dccda5fdf4c1454aa048c6a4d295a1609b6,0,0,0,0,0
b25eb0a5efe9cc31463e649667dd705b8303b1b0,0,0,0,0,0
b29ab6ea95cca4231743f9a06772d8a81b63722c,0,0,0,0,0
b2b02b5b8950666ca731e46ec0b4c1fe39652046,0,0,0,0,0
b3302479a4931ff9233a4505882ca08f82504338,0,0,0,0,0
b3b7a564d7321ff2407d5ac41b1e6753f93fd66b,0,0,0,0,0
b47afab20f73e2fe129051737f4618558ca1fd4d,0,0,0,0,0
b4e7fb790004249f73da1aee9bc92a1691c8420c,0,0,0,0,0
b4e8cb26e7ddc0899002aa6f037dee20f7f205df,0,0,0,0,0
b4f615c200810e27c2cbdfa6e03f50fb48b6629a,0,0,0,0,0
b5414650126c64991b9441abd834fc4510a279db,0,0,0,0,0
b5b953503542609bed3cc9a21010b122b498c5d1,0,0,0,0,0
b5c79072d139d556a90f8f71f80fc88522219d28,0,0,0,0,0
b5e06fb3570dfc4d48411bcfa9ae2e1e1a2e6632,0,0,0,0,0
b5ee075917911a030fd7b05063111f171087ddf8,0,0,0,0,0
b5fae332f02bf756db6817cb67ff8e41dbcd1046,0,0,0,0,0
b607fb7459e29da0846b2fd549f08763599a5860,0,0,0,0,0
b6382f05521a36b6f8f2c35cbe25bd2ae9e03cbb,0,0,0,0,0
b6ea03548c371a68e97e45a854873446c339091a,0,0,0,0,0
b741cfbb458532cd74f866755e1cc5f9eceea4be,0,0,0,0,0
b7522ce8a3de8e4a5acc15c9dc8170c70d0f94f0,0,0,0,0,0
b75e1b6f971f0b6c238855dcf6fdc970ef114153,0,0,0,0,0
b780884b569ad649ffc2fbe3ffdcb83796ab77e8,0,0,0,0,0
b7d51ebc10df58e9ff0d81c7bad4f5ceeaed8d9a,0,0,0,0,0
b7e0f66356a10621a0df84622ee58ef7317a8031,0,0,0,0,0
b7f794d81866ce8cbdd35c58563e5d21ba9f3850,0,0,0,0,0
b82a1963807ffd59c94e442c9a77b39427c6b67e,0,0,0,0,0
b8d80e386622a5bfaf8fd9158c77fd90aae21d1a,0,0,0,0,0
b8e676365b693078c0084b5e9387a3842d688499,0,0,0,0,0
b91cf5580ab8fc273c333eb48d3afca51aed4e32,0,0,0,0,0
b939657b3a7e388455f3a13cb84e0fcf5e745c45,0,0,0,0,0
b943eb89823af783fbb796d245ec33dc463bc322,0,0,0,0,0
b982ea8f3c0ee1209e2fc014f66a5f465c8e1d20,0,0,0,0,0
ba296ac966f96f1aa18952ccad689ab34c68a926,0,0,0,0,0
ba397f5338dccee6292878cc1506924bd3bde22f,0,0,0,0,0
ba3ee9b441039aace1175fd4a4e6f2e68c76d75d,0,0,0,0,0
ba6b33d571605f4ebfc22aa1de38eb440fd43cbe,0,0,0,0,0
badbe559bce1dc2504aed06e7cf35f63c701e620,0,0,0,0,0
bb2035965d75b96a01eb4ade932e13dd12643669,0,0,0,0,0
bb56e256de6bb3e5a7d4566a6006a87a1e6495a0,0,0,0,0,0
bb67f1ff3ad9a0ba9e732ad8a0daa8adab7e32e8,0,0,0,0,0
bb97ed6bfda31c2f3eca438dc751091299bdbe7c,0,0,0,0,0
bb9de2e1581f1f5b53149e79675bf150a689fc17,0,0,0,0,0
bba94934f7cfa11228693491fb4f1dcc9ec60f1b,0,0,0,0,0
bbc26ef790f4a1a18993c52a2eb8c165c50691d9,0,0,0,0,0
bbf28e2db4d0d47a1d4694f14846594ae33244a9,0,0,0,0,0
bc017e6bd7d83c8b6e0c74d446cd7ab529a9a280,0,0,0,0,0
bc04d5218726ad73f6e9612e384f282ebf405913,0,0,0,0,0
bc2a6e6bb9a879525018c3c43c4adcbc8aa3cf92,0,0,0,0,0
bc2a9e9ee0b1745d4406c09077da5ac273991672,0,0,0,0,0
bc3f7e48c85170f013d828c3050717a5a494686f,0,0,0,0,0
bc435aa30b1af7355e1ff47fd9433062d832a3f0,0,0,0,0,0
bc59fbf035e5ac3069ee3a877e2c7d536ad397e2,0,0,0,0,0
bca97783b475ffff043436fd01607984eb389ede,0,0,0,0,0
bd3ae5f62cc76de4546975f8b59f74d8b8e78913,0,0,0,0,0
bd65a7355c4891580917237c1883a7ec0447c63e,0,0,0,0,0
bd8706678fb86ea594ff6589406a400147bf958f,0,0,0,0,0
bdd900d7cdbbbc83616162e21fcb5770d338782b,0,0,0,0,0
bdf43ae46589b7b5cfbd0ef5832c0c03f8b9f6b4,0,0,0,0,0
be566a7ad37160a761be7e73d469acbe9b775367,0,0,0,0,0
be7413153d0f555f0616d4606917167f2c8ee2ca,0,0,0,0,0
bea74a5ec769faf97fab64087a4b5289a5d15041,0,0,0,0,0
bed4cf019dbc672c9bc022f835928fc09d051523,0,0,0,0,0
bee828e72df09d02d66c07c1d9f459534f35232b,0,0,0,0,0
bf35626b5186ba5c90d24bc102099569e99f2c05,0,0,0,0,0
bf89671f753e19f5467f79fb9ab2bb9e40ad0665,0,0,0,0,0
bfa451a648def2c224fc61df21474efaef897a31,0,0,0,0,0
bfcada19f8807fbee284f3b4a72397bc226f10b3,0,0,0,0,0
bfd4b483a02b1d0b52e26f3b5497bd4f242513ad,0,0,0,0,0
c0120e482e4c0f6c32d8105ce88c91324380bc01,0,0,0,0,0
c021db26b2e37b3f2a09404dd7a977ed10f9e0d5,0,0,0,0,0
c03cf0c5372f5da45dbbd8e266aeee554f847deb,0,0,0,0,0
c05c34f3fda6ea06133fb099c75f6de4f25dba0f,0,0,0,0,0
c084633acbddaa388df517640ec629295f8876a3,0,0,0,0,0
c08ebda618fa715ddd15013c479b562f9c144cbd,0,0,0,0,0
c0d6f9e76d5d1d7bb71be0fad0c707b2ee7b72d4,0,0,0,0,0
c0d839e08d58f05623136df040c86a952094ae6a,0,0,0,0,0
c13fcf9178304e135f3e669820bba80bffafef88,0,0,0,0,0
c1e54fa1948147cda67b7c5942eed3adb342d163,0,0,0,0,0
c1eaa52ab811b58d7c793bcb8ee23627f62f236d,0,0,0,0,0
c250188cc8c62897d66a75f9cf6aafb4511d93ac,0,0,0,0,0
c2dd1cb278640f47912c39b1f44ba384af0f10ec,0,0,0,0,0
c30e757b47e395f6c3082add4c0d36d5aa90d38d,0,0,0,0,0
c32f70cc6884db6746e94f34ea7616a142bef90d,0,0,0,0,0
c3a8394f51b0b80d29717771dfa1a40d9925c68c,0,0,0,0,0
c4415f7635fb0dc156e29649fbe17ba7e5682939,0,0,0,0,0
c45c169cb961154f721a52902b8a8d16b11b7459,0,0,0,0,0
c48d70d817412e621643e01c8ddaac811b72a15d,0,0,0,0,0
c4992b42a931a21500dac80c7e3c1b4521e5b2a8,0,0,0,0,0
c4ee26a3ade8064a2ec494996e836900fd32dd8e,0,0,0,0,0
c5433fc034f8a897f01886f4da50af0343f17c59,0,0,0,0,0
c56b184a370262e2949e4394316b0eba85d24e9d,0,0,0,0,0
c574e96247af7a6f91a52a8928319771b9c028f1,0,0,0,0,0
c5b111fe50620ad97e28270b2899f7a2baa7155d,0,0,0,0,0
c5f2231a19f4fc07bd3e00e76fd4f05da54a27a6,0,0,0,0,0
c66c79a9e65198f5eebb4990cf76972f6bd6ace8,0,0,0,0,0
c68c9d891fd782447aa4a031fd3179a4117823d3,0,0,0,0,0
c6c76cebf43bcdf6d7a0354fca7a517a33137b33,0,0,0,0,0
c6da0c74dd1d4f5bdec3e41d22dfa5a0ed9c055c,0,0,0,0,0
c6f39cf418b301b3af64c02f844da9241d6a69b0,0,0,0,0,0
c7895f6cb2b5db18f44b5b9120b3b5891765775c,0,0,0,0,0
c7a9cfd06b583a9c4c52eeca895c66bf4902c751,0,0,0,0,0
c806d79743c36959592a8d57788fadab3f37ec81,0,0,0,0,0
c83e9738ae5d1790ee85b99863deb734e7614c52,0,0,0,0,0
c849c5dfc1bcb2d2525595c792e5e12ec24288ae,0,0,0,0,0
c84bd2536a962f3330898cb4f19107ec0b580c7f,0,0,0,0,0
c8957a66453d3bf8c5d9a8dab3d7db47de8712b4,0,0,0,0,0
c8e49a700f1d664be60760fa1588c40694ca9e8d,0,0,0,0,0
c8e892c58980372ff7d5d4253f1ffae2318e9660,0,0,0,0,0
c8ead25b9e3c3f05fce76e1f1d102964c5e038ce,0,0,0,0,0
c920cdde9b65a124de592bf659ff27baef9da5ab,0,0,0,0,0
c92bba121202830c4f14119dfdcba813f390f271,0,0,0,0,0
c96036221d1bd893a7e51932123e8b03acba5757,0,0,0,0,0
c9848c9c75b92481a9afdf7fea3578176468e817,0,0,0,0,0
c9e22427f4c7aa646ccfffac8f18cf52d73e446f,0,0,0,0,0
c9f91af501aec7b0bb4779d58f74c551697bdf1a,0,0,0,0,0
c9fde22724acdcb871ee1090ed615496ba205e87,0,0,0,0,0
ca02cd38409dd53ab400043d6f2cf12c9f0865c8,0,0,0,0,0
ca18d2404b1358d24da0aeb79cea4ebc842ea694,0,0,0,0,0
ca2532ca69d48b19310c8f7e3ef90e2fa198cd80,0,0,0,0,0
ca6f551f8ba46016386c7f4a13b7aa5d4821b3c7,0,0,0,0,0
ca8150df84803ae2614d5212c9955a5a994b4d21,0,0,0,0,0
ca967afa4e839aee8db005d7f1a4245103e3fbf9,0,0,0,0,0
cabf893c95f15a2f07d9f520d21b10f056b43dbb,0,0,0,0,0
cad9dbc323820473785d6629d41d64c86f9a2ea0,0,0,0,0,0
caefdd4de6156e38ca33fcf4d4a5ce3dbd665d2b,0,0,0,0,0
cb1208f8dbacecea218e0cec2d76fa1b4ac4d0a5,0,0,0,0,0
cb21ab88bb966afd1a426ddaad8a8e0cba32387a,0,0,0,0,0
cb8998305b3b5c68ef7cae28ba51fc04cd86397d,0,0,0,0,0
cbc4b663926fd8a24a60085869830b17103347ea,0,0,0,0,0
cbc6e968d7f5931833b773f3e3c04de513b9e96d,0,0,0,0,0
cbfacd101b49a5684864f5c4f2634f4fa4b8edff,0,0,0,0,0
cc0be3b0ddc900c3ef969bc8305f851a44de9ad8,0,0,0,0,0
cc177c2cd2b1d4af25745d9084dc24e7008d7210,0,0,0,0,0
cc1ec6952a5227b4dc799f42536bcc4ec534fbc4,0,0,0,0,0
cc3864d11bd5e88a6d463d48ba99c2a437dd4880,0,0,0,0,0
cc41b5ea1ad863f38e63cb94460ebffb9ffd9340,0,0,0,0,0
cc62e7b9e1a98777caa8883a4cc603e5104f2d99,0,0,0,0,0
cd548c8c2d5b494e374b79688dbe2ceca2702b53,0,0,0,0,0
cd667821afeb639c9365139b43854a9005098104,0,0,0,0,0
cdcf6391e0c55304d97baadc9273c372a85cd0c6,0,0,0,0,0
ce2de362a163389d83e83844a32d5cdf6363e39b,0,0,0,0,0
ce8a1578c0eb95557e98c1a651c5c054cd7c2765,0,0,0,0,0
cf15d4184bc43b05e11237cd90503368e41819c7,0,0,0,0,0
cf259ec891e9093c9c66a8c25a6eb2e1d607a9b3,0,0,0,0,0
cfb169d1dab1642fde37e4151880d6d9b606f313,0,0,0,0,0
cfb84f64cb1fe2940b24dcf30a77897721483b16,0,0,0,0,0
cfe2db107b6edc3ceab4c5c08fd38a1069b98730,0,0,0,0,0
cfeb39e1ea90be9bacb1e6e739c1a90c2137255b,0,0,0,0,0
d005feb68474379f5904014bd2b0720518f05e1f,0,0,0,0,0
d00f43ec6efe6e239fba779b331b4e0856bc93d3,0,0,0,0,0
d013a5976e3a95c6d82cf4dd528bacd57cbcd56e,0,0,0,0,0
d0433b4a961d0b447b8adc7a01064ffb00890e07,0,0,0,0,0
d05787a28af810bd7d7c20856fea4fef17b8f0bd,0,0,0,0,0
d05e335c896be1d68c0bd54cc29a25c079cec9f1,0,0,0,0,0
d06dc92d4151980ea5fc69c70d753ea20c069b06,0,0,0,0,0
d09fdb4125b7dcee205889074ebe3992797da98b,0,0,0,0,0
d0a4732b7965d6da4efd4e12808c3ee5773ff34c,0,0,0,0,0
d0f6014f7cefd377168147483e5a9b89e375b468,0,0,0,0,0
d112ebf682f1338aa5a84b25a9158ff3f318f47a,0,0,0,0,0
d11cb8cc53d729efc6236f7a97aba5d8504c6077,0,0,0,0,0
d16693fe7d8fa0fb9400a9550bd4a26fe3b2fa9e,0,0,0,0,0
d1857540dbe5bcd867fe8fe5bd9e488f22c8a075,0,0,0,0,0
d18d4f31f5e03258882bb8a77bbc214763c6b73d,0,0,0,0,0
d1a8295550eaaf3375cb2db5f38fd59b38d26fb2,0,0,0,0,0
d1d0d8eb9e9b1dc3d0ba7ed86618268f64b57427,0,0,0,0,0
d2088a09d9e2c875e2978a9f84bea689f4c028cd,0,0,0,0,0
d211fc0940d5da1622d7745cb14bc6ccd913bfa5,0,0,0,0,0
d214443fbc8db6edf587ca299d2efe6714a57e4a,0,0,0,0,0
d23e4d425a8e18d559443275b441f7f74f6e6c2e,0,0,0,0,0
d25c69f99c4b844ffab77f632920e3fa9032be92,0,0,0,0,0
d26afbd138ff96d9466388b195f7e183c0bff3d5,0,0,0,0,0
d2d8b08112beff69fb1336e2bb7d569bee31ed24,0,0,0,0,0
d32197f3db6bfa837d5d87797306a762a3d66d4a,0,0,0,0,0
d378367989d05bc8a20d1b5e1a86077a8ad768af,0,0,0,0,0
d39ef556f489720d0b268f94aced549e0d89dc14,0,0,0,0,0
d3dd1bc9e20cb888169900832b4c67546c6a0a4b,0,0,0,0,0
d3dd7b26dcdd412dbcb68496e4ce7b19aab014de,0,0,0,0,0
d4077d83a5359394178167ee288176a6fc960751,0,0,0,0,0
d40b1b5d1d86c0923195cefdac86c4151418674d,0,0,0,0,0
d420024c918fe5694623a001408600a6da4c5b2a,0,0,0,0,0
d42df34f8d3f5c2a1327418a884c4abe2bfb84ef,0,0,0,0,0
d456ba6139f1e5678a8ab460d827af937d89f412,0,0,0,0,0
d45e1d8ae9cc6007a0f77a7da0120c5d8a4f69a9,0,0,0,0,0
d4869bffbe66a36d9ff5e4e32e2f8b36d8f399e6,0,0,0,0,0
d4af711bc55f07896229d6026413f2460f1b7562,0,0,0,0,0
d4cbada67a83b397ebaf0740f48d1c041e4148d5,0,0,0,0,0
d4d02e73da889db1f4fbd9157ba8122d6b1d9ce7,0,0,0,0,0
d598392e86af429cedd649dd7ef994031e6e58d7,0,0,0,0,0
d5b4e18816472105d9a8d077a03032d35fe63ae7,0,0,0,0,0
d62b245703125f2e5bf0708694cc53d7f2b0dbf3,0,0,0,0,0
d64370a40c913742fa0e76134caee5aa99fe2fd5,0,0,0,0,0
d682cf768640d3e80131ca8230dd5bdcb76a0191,0,0,0,0,0
d7e3f6424ffae44050202d881c995e7ad3ca0e81,0,0,0,0,0
d85fcaf4a3eec9b797c49c034145a877103cf5ec,0,0,0,0,0
d862361974270e180941553285c430746e607449,0,0,0,0,0
d878e173af778553972679125cbecc579fa8c63f,0,0,0,0,0
d897658c3347a799c08c8a175499e041b13d270e,0,0,0,0,0
d899d9750e073d928bee63a8b98bcacc71c19da5,0,0,0,0,0
d8a53489430e4a34f8de93aa599d5e4dd954b414,0,0,0,0,0
d92fcd0792f47772fdfc7b553b26382218e5f2d4,0,0,0,0,0
d93722c9c7b1c70aadc0ad14da0c332eee58a4a0,0,0,0,0,0
d95158fa1adbd3f9b284dda815ec2776c53f1613,0,0,0,0,0
d9a08adc801c17e65c72f9158f118c1fd51424cf,0,0,0,0,0
d9adfbd38a7b1e1906801044e968e63f7d6e7ca3,0,0,0,0,0
d9c9feada8b7a022f06510a07a6139875a0dfc0e,0,0,0,0,0
d9e12fec63d883964d1822d69200472877cff3e2,0,0,0,0,0
d9fdf4c7b9b51b1b538a558379cb7656240dc869,0,0,0,0,0
da058bfb9d85e11d0d012e56ebf0b1c0b09b418f,0,0,0,0,0
da5e2fc2250ded2e30b7f4d7cb4602575cfd60b8,0,0,0,0,0
da69c1c34a12c895a3d0a52c57daca9fc3bbf82f,0,0,0,0,0
db4d1667675c0233d90ce7f0a3775f900006243e,0,0,0,0,0
db4d6126261d321e9aaa909a84c72fc968be8d2a,0,0,0,0,0
db59ee6c47c0c7a46e5ab2b291c6cd47b98be4fd,0,0,0,0,0
db842eeeb2c95a8c129df97b9e9904dee2eaa21c,0,0,0,0,0
db8e26fcbdb5a17085dea03bc2491f481ad9a323,0,0,0,0,0
dbdabbad2e58692b8debea8756429438879927f6,0,0,0,0,0
dc01fbf43d09af1ba655d5f30684a0735dc34f2a,0,0,0,0,0
dc117ed4ce6c089a0ed328f271de10a2996b8c3b,0,0,0,0,0
dc562be2f7e02c7a50c95b4df1081eeec758397b,0,0,0,0,0
dc649b42fca41df09f2e9402845807aed2af621d,0,0,0,0,0
dca334b810b9021828fc7f227e784d99acf23a7e,0,0,0,0,0
dcae6506c15134f10d6ae3733947eca0c59deeae,0,0,0,0,0
dd65788e513c2abebd1d6072a6f06212dba600d5,0,0,0,0,0
dd9a44d9a7c5c32955b9a4e9dee9c3789cf44b3d,0,0,0,0,0
ddb6a2a4d384bc99867bf8128d51b848482af361,0,0,0,0,0
de165a1a543cc6b94cf0bab11618339367a0b223,0,0,0,0,0
de1eedc62bd9c4ff29e72a9dabb604188301c8aa,0,0,0,0,0
de3b4ba7b7ec43cd2ff2fc819f79030e3ed82bcb,0,0,0,0,0
de431a8b564be15671a1bb420f9c90885d96fa5f,0,0,0,0,0
de6fc0c6a7b8daae7c6367a623b538ab0db67ec3,0,0,0,0,0
de72e8c4c5a713eb29d2f3adfe3fbbf98d60dcbb,0,0,0,0,0
de794d6f9a08d85f93bdf3bacdd6ada5971fbbda,0,0,0,0,0
dec4101b48d9e34b431fcbb507d867e58901e2b7,0,0,0,0,0
df347c2cfeae69ac152b02ce7e9bff4b90554983,0,0,0,0,0
df7f7188bfe99d170fe88ec509f980f59e12a9d1,0,0,0,0,0
df88a4c1c1e5439bd0125622689edcb436d94621,0,0,0,0,0
dfcb7266c7b2120312a1dfc4721214e08fec2af1,0,0,0,0,0
dfdb44a7d8eb584ea06199cd2f34507b15949952,0,0,0,0,0
dfe30cdde4cfd07a58f7c33a7bc7c02aff419032,0,0,0,0,0
e006a3025eb8e44f71aa1ba48e75d944be23377b,0,0,0,0,0
e12fc793103f1e2e1f3c7068587c5693f28a5b9e,0,0,0,0,0
e1371921331aa897ad9c9160010babc920ab08d1,0,0,0,0,0
e16949b03e8b501dfd54090b527942dbbaef2bd8,0,0,0,0,0
e188c64871c9123794e44108d8f463a080147ecb,0,0,0,0,0
e1916779d87d289a7501d1733ac2a9c723d54ce5,0,0,0,0,0
e1a18f02c3a32f6313461f114ac9e185a85192f9,0,0,0,0,0
e1ea2efbc36d9e9a53382bf485ecf6b0579d4afa,0,0,0,0,0
e257f539c35e8adec6a7ddac6e144508fc221ad2,0,0,0,0,0
e2ac0a206ac6f354714408942e7c3f6c2b850b24,0,0,0,0,0
e2e6df05b41fdac7c6c28ec85514191bc58b2752,0,0,0,0,0
e2f02773f1aaf733cb4aba40fa2d045cbc2d25ca,0,0,0,0,0
e300ea5c80c5e07a80b6a3cd61cea886d9133e37,0,0,0,0,0
e321d86da5ce9207dd04aaca4740c43e55febcb7,0,0,0,0,0
e3223e9ae357fba1ab47e00abf6354fa84743887,0,0,0,0,0
e3738beefd228afcd86a4e82983be99c3726f90c,0,0,0,0,0
e37486852ad48c993fd7b2be6dcec4e82f790f85,0,0,0,0,0
e3aae02d6b14d4bced0547ed664fae2cc387ac19,0,0,0,0,0
e3fe10749268fa621ca1e067c0150b290f722747,0,0,0,0,0
e4aa6d284907bb7de6ee937eb4ad0b4e9447058b,0,0,0,0,0
e4b930664b4ddd4edc29b4c467ab1d5b7a18a3da,0,0,0,0,0
e500162e1d3e1d6bc81d435bac82983a32f9e0a7,0,0,0,0,0
e591b3ed99fb226ff688c2d687b12dc08a2619e7,0,0,0,0,0
e5aa8c2c7b65a053ccd0572328dbac5b2c423c44,0,0,0,0,0
e5aa9b439d8d134f5afcfa2f727775a099f018a2,0,0,0,0,0
e5f6ad37f86b76e0d0c75fed1366143e83ca34de,0,0,0,0,0
e61d77d94952b728dbe1eedd0a106687e6365e69,0,0,0,0,0
e648c02982810cb9e8d6c36f5be6f719ae4aea20,0,0,0,0,0
e69431b75ecbecf075f1fcc5bf20b0dd0255e80d,0,0,0,0,0
e6c7dc5975120947d85b67e82f7ce7ba3451d117,0,0,0,0,0
e6c7e1db8488bd55bf436e8f4cd545ddb5610b2f,0,0,0,0,0
e6fd4e67adc0b7ca945bb6dab199a076ad7dc110,0,0,0,0,0
e7097af7ff806e11fd6426650d7c3c5d159b39a0,0,0,0,0,0
e72f916f832c1ae41fd57ad9509b2a242fb6bc73,0,0,0,0,0
e73af8457a4f14cd9fbca401184bac2de84725e8,0,0,0,0,0
e75a4ade4e43162bf822d6fa9fe0656ea1ec4e28,0,0,0,0,0
e76ce214e699936abce9910a859e8d6cd9a5bc43,0,0,0,0,0
e78aa3a954b093085f487fd4eaf89fcf1df84f0b,0,0,0,0,0
e7b2c425a23fe0de6d6f46bbba77ec4b9f982d2e,0,0,0,0,0
e7beaaa052746a44db673865d1d17ba1ff872191,0,0,0,0,0
e8020af78e466c61d20ed26e4ab654dac3eaf8f4,0,0,0,0,0
e80688b8b17b2261f7d51d27d865fca6bec84f8a,0,0,0,0,0
e8583580fa40064ae071da9a0bc97fdc508fda8b,0,0,0,0,0
e880cde7d5226b2adc9e4c4ff0eb6dfa6e00e78f,0,0,0,0,0
e8eb073082f6465208ea2e254f0e30045558687b,0,0,0,0,0
e9d4c66bbce9778e148aee25d1b53129aedecf40,0,0,0,0,0
ea27a85d79cc6ff80972bfc23bdecdef40ba8cb7,0,0,0,0,0
ea706674fbaae9551b82344b31b55ce556517e8e,0,0,0,0,0
ea7aa889f54e92ed4b00f4fc9db56ec8141d6739,0,0,0,0,0
eaad3bc3df9ac172818db9f14cfcf0e9e6662c00,0,0,0,0,0
ead39aa4bceb42944d932dad4a6a79891f35c332,0,0,0,0,0
eb34206bd75b4b14c0a683375fccbbe2c8a70d3d,0,0,0,0,0
eb852fac37dc757ca931882db56983b5d54bba7e,0,0,0,0,0
ebc0e56934c13deb79e35123979264c53f8c7cda,0,0,0,0,0
ebcd63f41ae689fcbd70ab70a603f10b42a33904,0,0,0,0,0
ec03498954ca9c39330e1915490eb04253cdb7da,0,0,0,0,0
ec476f53f999ad8c6632c829df4afc927e7efc53,0,0,0,0,0
ec5209f2abdc6f20f336d9b4130ce9b81edbfc49,0,0,0,0,0
ec97d5e982ff9317f872c8be79281574e4ca37fe,0,0,0,0,0
ec9d2cb08c81b7a4ffaeea94fea338e223c660a1,0,0,0,0,0
ed5996a2b94dd61d228197de899d405f6ce122da,0,0,0,0,0
ed5a10b4df0e2625156ae899979d7921228a2843,0,0,0,0,0
ed687138aa65a945c4c16dbc02025eb2cb7a8e2d,0,0,0,0,0
ed6e6e201b01f90f3a197fae08f3d7ad7399e103,0,0,0,0,0
ed8f028ad0bd33a4633c0af204c9cd518a0f61c4,0,0,0,0,0
ed8fbbfb7beb57d8d8db7710cc484db60c9b2450,0,0,0,0,0
ed95bfe5d2e2552bb71581187b600752afc10cf0,0,0,0,0,0
edc7d7a099d7237c7858c199d36bae3b0a5aef3e,0,0,0,0,0
eddaf8862dbd3127a856e2308b5cff614f1b4700,0,0,0,0,0
edf68af41a6b9d43d8bef6bc884b65262805b0bb,0,0,0,0,0
ee1bc8402d7fb4a05e02abd348cefd4ee24052bd,0,0,0,0,0
ee3bb82f6852c5817e957792157f482086711345,0,0,0,0,0
ee855eef79ea68e30d6bad50e48dd886d096fa57,0,0,0,0,0
eeaf22cf43c18ed2e4775acfc776d788cd80909b,0,0,0,0,0
eeb3f46451687820864a52e947b0254ffa119b1d,0,0,0,0,0
eefa998949eb0f81c8a09fdabe4f01edc11944ae,0,0,0,0,0
ef3d6339deca5a9f8ab0f7603061bf84b08032f5,0,0,0,0,0
ef401d8f6bc700e007740b081b0042a2a231a943,0,0,0,0,0
ef7246bfe17afd6bf195f046c49f0cf923e0ac9a,0,0,0,0,0
eff4265676b9057d3bf0389ddcee6666642ba8bf,0,0,0,0,0
f0140c66a9e641ac587e754b76288b66473314c8,0,0,0,0,0
f0638ce4eb4a8439a27cfd0c58449e40a4997873,0,0,0,0,0
f0891b93ceb5fd96ad45dfaf844732d2eb85237c,0,0,0,0,0
f0a3241b265d196ef31a1e3ac9e634bff9598fd6,0,0,0,0,0
f0b2d119f56cb62554b0d4c1cc8cd3428331a749,0,0,0,0,0
f0c847341dba78b37d97647546e9f76ea7b7223e,0,0,0,0,0
f0efc079737afc79cc7a64983a7c4d0c9b8183fd,0,0,0,0,0
f102d2906ae65a7f7b26e7b9ada0ee3563a9fe0c,0,0,0,0,0
f134dd31dc6dfc74578a8ec7528166271df04e3b,0,0,0,0,0
f15b41713d6addb3efe05f199414ea90d4556d16,0,0,0,0,0
f162424b52b6ac892463728376bc106bc114837b,0,0,0,0,0
f170d81723bcd79533a7cd7dab303f6969610815,0,0,0,0,0
f170dfc1da299cecdf2576577d6f01f777b5b609,0,0,0,0,0
f19c681417273371191c2bc2b11106c3e4f9e83d,0,0,0,0,0
f217464dc5d9b52290742385e671ad257a9da152,0,0,0,0,0
f258bcdd72e3ca83fc9b6dd5d3cdd1214cdff164,0,0,0,0,0
f2a1424b0af3bbe1ef0cbaa8aa2edac6c332f783,0,0,0,0,0
f2c0420b2c4187b04721620e49d833d07e18c638,0,0,0,0,0
f2d8f23c36282f00b4bc1ecbb96534420cc0165e,0,0,0,0,0
f2eac9ebe106d83690d3e9bb49f5a52873948624,0,0,0,0,0
f34418e595f4e6e13c36aa5383e3302cb20308f5,0,0,0,0,0
f345dd03b7a1b1626696b726d924ecea157e1740,0,0,0,0,0
f37987ce590d1a8cbb9073a6d99bd4819d1b54af,0,0,0,0,0
f37f3e61afb7593223b6daf35914a45555a613c1,0,0,0,0,0
f415febfbe939d60168894805874ecbe2ab4c556,0,0,0,0,0
f416d7d29a6f7d9920133443d958c40689224bed,0,0,0,0,0
f416ea86f0a10199ef8874552936e08645507057,0,0,0,0,0
f480517dd1d148d87687a50a8c9e558cb31b144e,0,0,0,0,0
f521c5d3a221d782cafd51c2f60e84563862de3e,0,0,0,0,0
f6299c79fea98f2352989ecb51b16455009b7473,0,0,0,0,0
f63e3d1d5e4b965b3b004b47f8a4ae3d1e27dcea,0,0,0,0,0
f647f4bedb047ba56eb1fee1ff2ced5c9ff54464,0,0,0,0,0
f701545d7209c336fa3de1c09677dbd702e6e354,0,0,0,0,0
f7256f787a44fa6b2f1c763b54248f77456e507c,0,0,0,0,0
f78a1e78c1f5e1e6defb5cdba1b6e3c4ab04368e,0,0,0,0,0
f7ceb05475f9dbc5fb03757f267015753f73672e,0,0,0,0,0
f804bf88bb8c36c9c43cda946d8eae32bfb16b55,0,0,0,0,0
f8683bb62ef0932f883eafe899477d3579bc6410,0,0,0,0,0
f88dd29020381d3e5a08bd5d74a5bceaffe75c3a,0,0,0,0,0
f8a787deefcb60af0876c9d7cd565f8a971a6946,0,0,0,0,0
f8c25f6f9f005b6dac3eae76bad8c77a5c4f5a14,0,0,0,0,0
f947396a25fd49d8dc23960e17ce749db4f65841,0,0,0,0,0
f948a1fa1ff3a6bfb7b654ee672d7ce1cfa5ecb6,0,0,0,0,0
f96fefc70c2a918d4043028e4b3c8f675ec2df36,0,0,0,0,0
f97c4493db2a81b0887ff0c0e4025eb896113453,0,0,0,0,0
f99ecb8f8a7402f194f1be29acf0e099a265f250,0,0,0,0,0
f9a70cb56054490c7c5833769b94f5e1fc8b9614,0,0,0,0,0
f9e5c8ba26def6b138155b99caf13629472ad9a1,0,0,0,0,0
f9f6428b55eaf0222f5de2895f304c56a6ea6779,0,0,0,0,0
fa0d2384c45d1928905ff94dbfaf40debf0d4253,0,0,0,0,0
fa50fa69d3ae1e883988b98d3b6384362440bf20,0,0,0,0,0
faa4b306d93fd9e4b1a6303ba9c7752b30afb12b,0,0,0,0,0
faa9fcc129f5cc6f215ac5f02cb26eeaf5ae27bb,0,0,0,0,0
fad1b1200b49dbbfe413c52b0fa05f68e24ad73c,0,0,0,0,0
fae51efe623604c00002e037903e85e696f42748,0,0,0,0,0
fb8af0fb2929fd10c1618b398351b3f3f20a2e0b,0,0,0,0,0
fbee24aaeb8eb97751d8295e2ebdf1487796e59c,0,0,0,0,0
fc280ce20d6b5d89f549c0487e855bced7e2b6e8,0,0,0,0,0
fc31d3ffa3a4852631c65578752d35c6c0d078ca,0,0,0,0,0
fc4307ec4ff10f8eee99f8243c2acaa35bbcdfea,0,0,0,0,0
fc535d928b58ec844cab4f6a6f9eb7b80e5c70a7,0,0,0,0,0
fc7c9c0b93845f43503478592f92767e7434cc7d,0,0,0,0,0
fc8cea28fb0ed80f8780c06712f4fba1c53c2bdf,0,0,0,0,0
fcd6260c1c048340bd64fb57bb8db78e15a4c831,0,0,0,0,0
fcd99bf3242a74a46bea2a8716360468d09f7aab,0,0,0,0,0
fcdd932bc76a2bf31fd4cfeeaa522e9d64aa055a,0,0,0,0,0
fd18f4bf1d2de2ee3dcffe3f662e5b86f5870fee,0,0,0,0,0
fdae06bb3e1e2a55fa58224cddc2994635cc77dd,0,0,0,0,0
fdbc31eee97116d2a8c8345d96f9f96f396a44fd,0,0,0,0,0
fe0883f1212cc257918826af706eb607aea73de3,0,0,0,0,0
fe5316ca33eda434a08bcd5d34a5a7683f36a6d7,0,0,0,0,0
fe57ec17625aac3c9d4ec1069685945a9680bb18,0,0,0,0,0
fe6040d0d0a8da5c4d394655fe9a6e02d40ba25b,0,0,0,0,0
fe665cee17a0a93d27d4b80cab32f5886694d33e,0,0,0,0,0
feb4b0ae88524c9cee3e50f2301d84a235f3c607,0,0,0,0,0
fecf3f14f47237e02721ed4baa4eb6c11abd239f,0,0,0,0,0
feed09e13586d12139cd59bc20996a4d29706606,0,0,0,0,0
ffc0bca6fde8fa0cce1ac3a7b0d746603d441bf8,0,0,0,0,0
fffdd6f356ed5b8dba21717f60c53f6520e650ab,0,0,0,0,0
