ID,price actual
ID_027500,0
ID_027501,0
ID_027502,0
ID_027503,0
ID_027504,0
ID_027505,0
ID_027506,0
ID_027507,0
ID_027508,0
ID_027509,0
ID_027510,0
ID_027511,0
ID_027512,0
ID_027513,0
ID_027514,0
ID_027515,0
ID_027516,0
ID_027517,0
ID_027518,0
ID_027519,0
ID_027520,0
ID_027521,0
ID_027522,0
ID_027523,0
ID_027524,0
ID_027525,0
ID_027526,0
ID_027527,0
ID_027528,0
ID_027529,0
ID_027530,0
ID_027531,0
ID_027532,0
ID_027533,0
ID_027534,0
ID_027535,0
ID_027536,0
ID_027537,0
ID_027538,0
ID_027539,0
ID_027540,0
ID_027541,0
ID_027542,0
ID_027543,0
ID_027544,0
ID_027545,0
ID_027546,0
ID_027547,0
ID_027548,0
ID_027549,0
ID_027550,0
ID_027551,0
ID_027552,0
ID_027553,0
ID_027554,0
ID_027555,0
ID_027556,0
ID_027557,0
ID_027558,0
ID_027559,0
ID_027560,0
ID_027561,0
ID_027562,0
ID_027563,0
ID_027564,0
ID_027565,0
ID_027566,0
ID_027567,0
ID_027568,0
ID_027569,0
ID_027570,0
ID_027571,0
ID_027572,0
ID_027573,0
ID_027574,0
ID_027575,0
ID_027576,0
ID_027577,0
ID_027578,0
ID_027579,0
ID_027580,0
ID_027581,0
ID_027582,0
ID_027583,0
ID_027584,0
ID_027585,0
ID_027586,0
ID_027587,0
ID_027588,0
ID_027589,0
ID_027590,0
ID_027591,0
ID_027592,0
ID_027593,0
ID_027594,0
ID_027595,0
ID_027596,0
ID_027597,0
ID_027598,0
ID_027599,0
ID_027600,0
ID_027601,0
ID_027602,0
ID_027603,0
ID_027604,0
ID_027605,0
ID_027606,0
ID_027607,0
ID_027608,0
ID_027609,0
ID_027610,0
ID_027611,0
ID_027612,0
ID_027613,0
ID_027614,0
ID_027615,0
ID_027616,0
ID_027617,0
ID_027618,0
ID_027619,0
ID_027620,0
ID_027621,0
ID_027622,0
ID_027623,0
ID_027624,0
ID_027625,0
ID_027626,0
ID_027627,0
ID_027628,0
ID_027629,0
ID_027630,0
ID_027631,0
ID_027632,0
ID_027633,0
ID_027634,0
ID_027635,0
ID_027636,0
ID_027637,0
ID_027638,0
ID_027639,0
ID_027640,0
ID_027641,0
ID_027642,0
ID_027643,0
ID_027644,0
ID_027645,0
ID_027646,0
ID_027647,0
ID_027648,0
ID_027649,0
ID_027650,0
ID_027651,0
ID_027652,0
ID_027653,0
ID_027654,0
ID_027655,0
ID_027656,0
ID_027657,0
ID_027658,0
ID_027659,0
ID_027660,0
ID_027661,0
ID_027662,0
ID_027663,0
ID_027664,0
ID_027665,0
ID_027666,0
ID_027667,0
ID_027668,0
ID_027669,0
ID_027670,0
ID_027671,0
ID_027672,0
ID_027673,0
ID_027674,0
ID_027675,0
ID_027676,0
ID_027677,0
ID_027678,0
ID_027679,0
ID_027680,0
ID_027681,0
ID_027682,0
ID_027683,0
ID_027684,0
ID_027685,0
ID_027686,0
ID_027687,0
ID_027688,0
ID_027689,0
ID_027690,0
ID_027691,0
ID_027692,0
ID_027693,0
ID_027694,0
ID_027695,0
ID_027696,0
ID_027697,0
ID_027698,0
ID_027699,0
ID_027700,0
ID_027701,0
ID_027702,0
ID_027703,0
ID_027704,0
ID_027705,0
ID_027706,0
ID_027707,0
ID_027708,0
ID_027709,0
ID_027710,0
ID_027711,0
ID_027712,0
ID_027713,0
ID_027714,0
ID_027715,0
ID_027716,0
ID_027717,0
ID_027718,0
ID_027719,0
ID_027720,0
ID_027721,0
ID_027722,0
ID_027723,0
ID_027724,0
ID_027725,0
ID_027726,0
ID_027727,0
ID_027728,0
ID_027729,0
ID_027730,0
ID_027731,0
ID_027732,0
ID_027733,0
ID_027734,0
ID_027735,0
ID_027736,0
ID_027737,0
ID_027738,0
ID_027739,0
ID_027740,0
ID_027741,0
ID_027742,0
ID_027743,0
ID_027744,0
ID_027745,0
ID_027746,0
ID_027747,0
ID_027748,0
ID_027749,0
ID_027750,0
ID_027751,0
ID_027752,0
ID_027753,0
ID_027754,0
ID_027755,0
ID_027756,0
ID_027757,0
ID_027758,0
ID_027759,0
ID_027760,0
ID_027761,0
ID_027762,0
ID_027763,0
ID_027764,0
ID_027765,0
ID_027766,0
ID_027767,0
ID_027768,0
ID_027769,0
ID_027770,0
ID_027771,0
ID_027772,0
ID_027773,0
ID_027774,0
ID_027775,0
ID_027776,0
ID_027777,0
ID_027778,0
ID_027779,0
ID_027780,0
ID_027781,0
ID_027782,0
ID_027783,0
ID_027784,0
ID_027785,0
ID_027786,0
ID_027787,0
ID_027788,0
ID_027789,0
ID_027790,0
ID_027791,0
ID_027792,0
ID_027793,0
ID_027794,0
ID_027795,0
ID_027796,0
ID_027797,0
ID_027798,0
ID_027799,0
ID_027800,0
ID_027801,0
ID_027802,0
ID_027803,0
ID_027804,0
ID_027805,0
ID_027806,0
ID_027807,0
ID_027808,0
ID_027809,0
ID_027810,0
ID_027811,0
ID_027812,0
ID_027813,0
ID_027814,0
ID_027815,0
ID_027816,0
ID_027817,0
ID_027818,0
ID_027819,0
ID_027820,0
ID_027821,0
ID_027822,0
ID_027823,0
ID_027824,0
ID_027825,0
ID_027826,0
ID_027827,0
ID_027828,0
ID_027829,0
ID_027830,0
ID_027831,0
ID_027832,0
ID_027833,0
ID_027834,0
ID_027835,0
ID_027836,0
ID_027837,0
ID_027838,0
ID_027839,0
ID_027840,0
ID_027841,0
ID_027842,0
ID_027843,0
ID_027844,0
ID_027845,0
ID_027846,0
ID_027847,0
ID_027848,0
ID_027849,0
ID_027850,0
ID_027851,0
ID_027852,0
ID_027853,0
ID_027854,0
ID_027855,0
ID_027856,0
ID_027857,0
ID_027858,0
ID_027859,0
ID_027860,0
ID_027861,0
ID_027862,0
ID_027863,0
ID_027864,0
ID_027865,0
ID_027866,0
ID_027867,0
ID_027868,0
ID_027869,0
ID_027870,0
ID_027871,0
ID_027872,0
ID_027873,0
ID_027874,0
ID_027875,0
ID_027876,0
ID_027877,0
ID_027878,0
ID_027879,0
ID_027880,0
ID_027881,0
ID_027882,0
ID_027883,0
ID_027884,0
ID_027885,0
ID_027886,0
ID_027887,0
ID_027888,0
ID_027889,0
ID_027890,0
ID_027891,0
ID_027892,0
ID_027893,0
ID_027894,0
ID_027895,0
ID_027896,0
ID_027897,0
ID_027898,0
ID_027899,0
ID_027900,0
ID_027901,0
ID_027902,0
ID_027903,0
ID_027904,0
ID_027905,0
ID_027906,0
ID_027907,0
ID_027908,0
ID_027909,0
ID_027910,0
ID_027911,0
ID_027912,0
ID_027913,0
ID_027914,0
ID_027915,0
ID_027916,0
ID_027917,0
ID_027918,0
ID_027919,0
ID_027920,0
ID_027921,0
ID_027922,0
ID_027923,0
ID_027924,0
ID_027925,0
ID_027926,0
ID_027927,0
ID_027928,0
ID_027929,0
ID_027930,0
ID_027931,0
ID_027932,0
ID_027933,0
ID_027934,0
ID_027935,0
ID_027936,0
ID_027937,0
ID_027938,0
ID_027939,0
ID_027940,0
ID_027941,0
ID_027942,0
ID_027943,0
ID_027944,0
ID_027945,0
ID_027946,0
ID_027947,0
ID_027948,0
ID_027949,0
ID_027950,0
ID_027951,0
ID_027952,0
ID_027953,0
ID_027954,0
ID_027955,0
ID_027956,0
ID_027957,0
ID_027958,0
ID_027959,0
ID_027960,0
ID_027961,0
ID_027962,0
ID_027963,0
ID_027964,0
ID_027965,0
ID_027966,0
ID_027967,0
ID_027968,0
ID_027969,0
ID_027970,0
ID_027971,0
ID_027972,0
ID_027973,0
ID_027974,0
ID_027975,0
ID_027976,0
ID_027977,0
ID_027978,0
ID_027979,0
ID_027980,0
ID_027981,0
ID_027982,0
ID_027983,0
ID_027984,0
ID_027985,0
ID_027986,0
ID_027987,0
ID_027988,0
ID_027989,0
ID_027990,0
ID_027991,0
ID_027992,0
ID_027993,0
ID_027994,0
ID_027995,0
ID_027996,0
ID_027997,0
ID_027998,0
ID_027999,0
ID_028000,0
ID_028001,0
ID_028002,0
ID_028003,0
ID_028004,0
ID_028005,0
ID_028006,0
ID_028007,0
ID_028008,0
ID_028009,0
ID_028010,0
ID_028011,0
ID_028012,0
ID_028013,0
ID_028014,0
ID_028015,0
ID_028016,0
ID_028017,0
ID_028018,0
ID_028019,0
ID_028020,0
ID_028021,0
ID_028022,0
ID_028023,0
ID_028024,0
ID_028025,0
ID_028026,0
ID_028027,0
ID_028028,0
ID_028029,0
ID_028030,0
ID_028031,0
ID_028032,0
ID_028033,0
ID_028034,0
ID_028035,0
ID_028036,0
ID_028037,0
ID_028038,0
ID_028039,0
ID_028040,0
ID_028041,0
ID_028042,0
ID_028043,0
ID_028044,0
ID_028045,0
ID_028046,0
ID_028047,0
ID_028048,0
ID_028049,0
ID_028050,0
ID_028051,0
ID_028052,0
ID_028053,0
ID_028054,0
ID_028055,0
ID_028056,0
ID_028057,0
ID_028058,0
ID_028059,0
ID_028060,0
ID_028061,0
ID_028062,0
ID_028063,0
ID_028064,0
ID_028065,0
ID_028066,0
ID_028067,0
ID_028068,0
ID_028069,0
ID_028070,0
ID_028071,0
ID_028072,0
ID_028073,0
ID_028074,0
ID_028075,0
ID_028076,0
ID_028077,0
ID_028078,0
ID_028079,0
ID_028080,0
ID_028081,0
ID_028082,0
ID_028083,0
ID_028084,0
ID_028085,0
ID_028086,0
ID_028087,0
ID_028088,0
ID_028089,0
ID_028090,0
ID_028091,0
ID_028092,0
ID_028093,0
ID_028094,0
ID_028095,0
ID_028096,0
ID_028097,0
ID_028098,0
ID_028099,0
ID_028100,0
ID_028101,0
ID_028102,0
ID_028103,0
ID_028104,0
ID_028105,0
ID_028106,0
ID_028107,0
ID_028108,0
ID_028109,0
ID_028110,0
ID_028111,0
ID_028112,0
ID_028113,0
ID_028114,0
ID_028115,0
ID_028116,0
ID_028117,0
ID_028118,0
ID_028119,0
ID_028120,0
ID_028121,0
ID_028122,0
ID_028123,0
ID_028124,0
ID_028125,0
ID_028126,0
ID_028127,0
ID_028128,0
ID_028129,0
ID_028130,0
ID_028131,0
ID_028132,0
ID_028133,0
ID_028134,0
ID_028135,0
ID_028136,0
ID_028137,0
ID_028138,0
ID_028139,0
ID_028140,0
ID_028141,0
ID_028142,0
ID_028143,0
ID_028144,0
ID_028145,0
ID_028146,0
ID_028147,0
ID_028148,0
ID_028149,0
ID_028150,0
ID_028151,0
ID_028152,0
ID_028153,0
ID_028154,0
ID_028155,0
ID_028156,0
ID_028157,0
ID_028158,0
ID_028159,0
ID_028160,0
ID_028161,0
ID_028162,0
ID_028163,0
ID_028164,0
ID_028165,0
ID_028166,0
ID_028167,0
ID_028168,0
ID_028169,0
ID_028170,0
ID_028171,0
ID_028172,0
ID_028173,0
ID_028174,0
ID_028175,0
ID_028176,0
ID_028177,0
ID_028178,0
ID_028179,0
ID_028180,0
ID_028181,0
ID_028182,0
ID_028183,0
ID_028184,0
ID_028185,0
ID_028186,0
ID_028187,0
ID_028188,0
ID_028189,0
ID_028190,0
ID_028191,0
ID_028192,0
ID_028193,0
ID_028194,0
ID_028195,0
ID_028196,0
ID_028197,0
ID_028198,0
ID_028199,0
ID_028200,0
ID_028201,0
ID_028202,0
ID_028203,0
ID_028204,0
ID_028205,0
ID_028206,0
ID_028207,0
ID_028208,0
ID_028209,0
ID_028210,0
ID_028211,0
ID_028212,0
ID_028213,0
ID_028214,0
ID_028215,0
ID_028216,0
ID_028217,0
ID_028218,0
ID_028219,0
ID_028220,0
ID_028221,0
ID_028222,0
ID_028223,0
ID_028224,0
ID_028225,0
ID_028226,0
ID_028227,0
ID_028228,0
ID_028229,0
ID_028230,0
ID_028231,0
ID_028232,0
ID_028233,0
ID_028234,0
ID_028235,0
ID_028236,0
ID_028237,0
ID_028238,0
ID_028239,0
ID_028240,0
ID_028241,0
ID_028242,0
ID_028243,0
ID_028244,0
ID_028245,0
ID_028246,0
ID_028247,0
ID_028248,0
ID_028249,0
ID_028250,0
ID_028251,0
ID_028252,0
ID_028253,0
ID_028254,0
ID_028255,0
ID_028256,0
ID_028257,0
ID_028258,0
ID_028259,0
ID_028260,0
ID_028261,0
ID_028262,0
ID_028263,0
ID_028264,0
ID_028265,0
ID_028266,0
ID_028267,0
ID_028268,0
ID_028269,0
ID_028270,0
ID_028271,0
ID_028272,0
ID_028273,0
ID_028274,0
ID_028275,0
ID_028276,0
ID_028277,0
ID_028278,0
ID_028279,0
ID_028280,0
ID_028281,0
ID_028282,0
ID_028283,0
ID_028284,0
ID_028285,0
ID_028286,0
ID_028287,0
ID_028288,0
ID_028289,0
ID_028290,0
ID_028291,0
ID_028292,0
ID_028293,0
ID_028294,0
ID_028295,0
ID_028296,0
ID_028297,0
ID_028298,0
ID_028299,0
ID_028300,0
ID_028301,0
ID_028302,0
ID_028303,0
ID_028304,0
ID_028305,0
ID_028306,0
ID_028307,0
ID_028308,0
ID_028309,0
ID_028310,0
ID_028311,0
ID_028312,0
ID_028313,0
ID_028314,0
ID_028315,0
ID_028316,0
ID_028317,0
ID_028318,0
ID_028319,0
ID_028320,0
ID_028321,0
ID_028322,0
ID_028323,0
ID_028324,0
ID_028325,0
ID_028326,0
ID_028327,0
ID_028328,0
ID_028329,0
ID_028330,0
ID_028331,0
ID_028332,0
ID_028333,0
ID_028334,0
ID_028335,0
ID_028336,0
ID_028337,0
ID_028338,0
ID_028339,0
ID_028340,0
ID_028341,0
ID_028342,0
ID_028343,0
ID_028344,0
ID_028345,0
ID_028346,0
ID_028347,0
ID_028348,0
ID_028349,0
ID_028350,0
ID_028351,0
ID_028352,0
ID_028353,0
ID_028354,0
ID_028355,0
ID_028356,0
ID_028357,0
ID_028358,0
ID_028359,0
ID_028360,0
ID_028361,0
ID_028362,0
ID_028363,0
ID_028364,0
ID_028365,0
ID_028366,0
ID_028367,0
ID_028368,0
ID_028369,0
ID_028370,0
ID_028371,0
ID_028372,0
ID_028373,0
ID_028374,0
ID_028375,0
ID_028376,0
ID_028377,0
ID_028378,0
ID_028379,0
ID_028380,0
ID_028381,0
ID_028382,0
ID_028383,0
ID_028384,0
ID_028385,0
ID_028386,0
ID_028387,0
ID_028388,0
ID_028389,0
ID_028390,0
ID_028391,0
ID_028392,0
ID_028393,0
ID_028394,0
ID_028395,0
ID_028396,0
ID_028397,0
ID_028398,0
ID_028399,0
ID_028400,0
ID_028401,0
ID_028402,0
ID_028403,0
ID_028404,0
ID_028405,0
ID_028406,0
ID_028407,0
ID_028408,0
ID_028409,0
ID_028410,0
ID_028411,0
ID_028412,0
ID_028413,0
ID_028414,0
ID_028415,0
ID_028416,0
ID_028417,0
ID_028418,0
ID_028419,0
ID_028420,0
ID_028421,0
ID_028422,0
ID_028423,0
ID_028424,0
ID_028425,0
ID_028426,0
ID_028427,0
ID_028428,0
ID_028429,0
ID_028430,0
ID_028431,0
ID_028432,0
ID_028433,0
ID_028434,0
ID_028435,0
ID_028436,0
ID_028437,0
ID_028438,0
ID_028439,0
ID_028440,0
ID_028441,0
ID_028442,0
ID_028443,0
ID_028444,0
ID_028445,0
ID_028446,0
ID_028447,0
ID_028448,0
ID_028449,0
ID_028450,0
ID_028451,0
ID_028452,0
ID_028453,0
ID_028454,0
ID_028455,0
ID_028456,0
ID_028457,0
ID_028458,0
ID_028459,0
ID_028460,0
ID_028461,0
ID_028462,0
ID_028463,0
ID_028464,0
ID_028465,0
ID_028466,0
ID_028467,0
ID_028468,0
ID_028469,0
ID_028470,0
ID_028471,0
ID_028472,0
ID_028473,0
ID_028474,0
ID_028475,0
ID_028476,0
ID_028477,0
ID_028478,0
ID_028479,0
ID_028480,0
ID_028481,0
ID_028482,0
ID_028483,0
ID_028484,0
ID_028485,0
ID_028486,0
ID_028487,0
ID_028488,0
ID_028489,0
ID_028490,0
ID_028491,0
ID_028492,0
ID_028493,0
ID_028494,0
ID_028495,0
ID_028496,0
ID_028497,0
ID_028498,0
ID_028499,0
ID_028500,0
ID_028501,0
ID_028502,0
ID_028503,0
ID_028504,0
ID_028505,0
ID_028506,0
ID_028507,0
ID_028508,0
ID_028509,0
ID_028510,0
ID_028511,0
ID_028512,0
ID_028513,0
ID_028514,0
ID_028515,0
ID_028516,0
ID_028517,0
ID_028518,0
ID_028519,0
ID_028520,0
ID_028521,0
ID_028522,0
ID_028523,0
ID_028524,0
ID_028525,0
ID_028526,0
ID_028527,0
ID_028528,0
ID_028529,0
ID_028530,0
ID_028531,0
ID_028532,0
ID_028533,0
ID_028534,0
ID_028535,0
ID_028536,0
ID_028537,0
ID_028538,0
ID_028539,0
ID_028540,0
ID_028541,0
ID_028542,0
ID_028543,0
ID_028544,0
ID_028545,0
ID_028546,0
ID_028547,0
ID_028548,0
ID_028549,0
ID_028550,0
ID_028551,0
ID_028552,0
ID_028553,0
ID_028554,0
ID_028555,0
ID_028556,0
ID_028557,0
ID_028558,0
ID_028559,0
ID_028560,0
ID_028561,0
ID_028562,0
ID_028563,0
ID_028564,0
ID_028565,0
ID_028566,0
ID_028567,0
ID_028568,0
ID_028569,0
ID_028570,0
ID_028571,0
ID_028572,0
ID_028573,0
ID_028574,0
ID_028575,0
ID_028576,0
ID_028577,0
ID_028578,0
ID_028579,0
ID_028580,0
ID_028581,0
ID_028582,0
ID_028583,0
ID_028584,0
ID_028585,0
ID_028586,0
ID_028587,0
ID_028588,0
ID_028589,0
ID_028590,0
ID_028591,0
ID_028592,0
ID_028593,0
ID_028594,0
ID_028595,0
ID_028596,0
ID_028597,0
ID_028598,0
ID_028599,0
ID_028600,0
ID_028601,0
ID_028602,0
ID_028603,0
ID_028604,0
ID_028605,0
ID_028606,0
ID_028607,0
ID_028608,0
ID_028609,0
ID_028610,0
ID_028611,0
ID_028612,0
ID_028613,0
ID_028614,0
ID_028615,0
ID_028616,0
ID_028617,0
ID_028618,0
ID_028619,0
ID_028620,0
ID_028621,0
ID_028622,0
ID_028623,0
ID_028624,0
ID_028625,0
ID_028626,0
ID_028627,0
ID_028628,0
ID_028629,0
ID_028630,0
ID_028631,0
ID_028632,0
ID_028633,0
ID_028634,0
ID_028635,0
ID_028636,0
ID_028637,0
ID_028638,0
ID_028639,0
ID_028640,0
ID_028641,0
ID_028642,0
ID_028643,0
ID_028644,0
ID_028645,0
ID_028646,0
ID_028647,0
ID_028648,0
ID_028649,0
ID_028650,0
ID_028651,0
ID_028652,0
ID_028653,0
ID_028654,0
ID_028655,0
ID_028656,0
ID_028657,0
ID_028658,0
ID_028659,0
ID_028660,0
ID_028661,0
ID_028662,0
ID_028663,0
ID_028664,0
ID_028665,0
ID_028666,0
ID_028667,0
ID_028668,0
ID_028669,0
ID_028670,0
ID_028671,0
ID_028672,0
ID_028673,0
ID_028674,0
ID_028675,0
ID_028676,0
ID_028677,0
ID_028678,0
ID_028679,0
ID_028680,0
ID_028681,0
ID_028682,0
ID_028683,0
ID_028684,0
ID_028685,0
ID_028686,0
ID_028687,0
ID_028688,0
ID_028689,0
ID_028690,0
ID_028691,0
ID_028692,0
ID_028693,0
ID_028694,0
ID_028695,0
ID_028696,0
ID_028697,0
ID_028698,0
ID_028699,0
ID_028700,0
ID_028701,0
ID_028702,0
ID_028703,0
ID_028704,0
ID_028705,0
ID_028706,0
ID_028707,0
ID_028708,0
ID_028709,0
ID_028710,0
ID_028711,0
ID_028712,0
ID_028713,0
ID_028714,0
ID_028715,0
ID_028716,0
ID_028717,0
ID_028718,0
ID_028719,0
ID_028720,0
ID_028721,0
ID_028722,0
ID_028723,0
ID_028724,0
ID_028725,0
ID_028726,0
ID_028727,0
ID_028728,0
ID_028729,0
ID_028730,0
ID_028731,0
ID_028732,0
ID_028733,0
ID_028734,0
ID_028735,0
ID_028736,0
ID_028737,0
ID_028738,0
ID_028739,0
ID_028740,0
ID_028741,0
ID_028742,0
ID_028743,0
ID_028744,0
ID_028745,0
ID_028746,0
ID_028747,0
ID_028748,0
ID_028749,0
ID_028750,0
ID_028751,0
ID_028752,0
ID_028753,0
ID_028754,0
ID_028755,0
ID_028756,0
ID_028757,0
ID_028758,0
ID_028759,0
ID_028760,0
ID_028761,0
ID_028762,0
ID_028763,0
ID_028764,0
ID_028765,0
ID_028766,0
ID_028767,0
ID_028768,0
ID_028769,0
ID_028770,0
ID_028771,0
ID_028772,0
ID_028773,0
ID_028774,0
ID_028775,0
ID_028776,0
ID_028777,0
ID_028778,0
ID_028779,0
ID_028780,0
ID_028781,0
ID_028782,0
ID_028783,0
ID_028784,0
ID_028785,0
ID_028786,0
ID_028787,0
ID_028788,0
ID_028789,0
ID_028790,0
ID_028791,0
ID_028792,0
ID_028793,0
ID_028794,0
ID_028795,0
ID_028796,0
ID_028797,0
ID_028798,0
ID_028799,0
ID_028800,0
ID_028801,0
ID_028802,0
ID_028803,0
ID_028804,0
ID_028805,0
ID_028806,0
ID_028807,0
ID_028808,0
ID_028809,0
ID_028810,0
ID_028811,0
ID_028812,0
ID_028813,0
ID_028814,0
ID_028815,0
ID_028816,0
ID_028817,0
ID_028818,0
ID_028819,0
ID_028820,0
ID_028821,0
ID_028822,0
ID_028823,0
ID_028824,0
ID_028825,0
ID_028826,0
ID_028827,0
ID_028828,0
ID_028829,0
ID_028830,0
ID_028831,0
ID_028832,0
ID_028833,0
ID_028834,0
ID_028835,0
ID_028836,0
ID_028837,0
ID_028838,0
ID_028839,0
ID_028840,0
ID_028841,0
ID_028842,0
ID_028843,0
ID_028844,0
ID_028845,0
ID_028846,0
ID_028847,0
ID_028848,0
ID_028849,0
ID_028850,0
ID_028851,0
ID_028852,0
ID_028853,0
ID_028854,0
ID_028855,0
ID_028856,0
ID_028857,0
ID_028858,0
ID_028859,0
ID_028860,0
ID_028861,0
ID_028862,0
ID_028863,0
ID_028864,0
ID_028865,0
ID_028866,0
ID_028867,0
ID_028868,0
ID_028869,0
ID_028870,0
ID_028871,0
ID_028872,0
ID_028873,0
ID_028874,0
ID_028875,0
ID_028876,0
ID_028877,0
ID_028878,0
ID_028879,0
ID_028880,0
ID_028881,0
ID_028882,0
ID_028883,0
ID_028884,0
ID_028885,0
ID_028886,0
ID_028887,0
ID_028888,0
ID_028889,0
ID_028890,0
ID_028891,0
ID_028892,0
ID_028893,0
ID_028894,0
ID_028895,0
ID_028896,0
ID_028897,0
ID_028898,0
ID_028899,0
ID_028900,0
ID_028901,0
ID_028902,0
ID_028903,0
ID_028904,0
ID_028905,0
ID_028906,0
ID_028907,0
ID_028908,0
ID_028909,0
ID_028910,0
ID_028911,0
ID_028912,0
ID_028913,0
ID_028914,0
ID_028915,0
ID_028916,0
ID_028917,0
ID_028918,0
ID_028919,0
ID_028920,0
ID_028921,0
ID_028922,0
ID_028923,0
ID_028924,0
ID_028925,0
ID_028926,0
ID_028927,0
ID_028928,0
ID_028929,0
ID_028930,0
ID_028931,0
ID_028932,0
ID_028933,0
ID_028934,0
ID_028935,0
ID_028936,0
ID_028937,0
ID_028938,0
ID_028939,0
ID_028940,0
ID_028941,0
ID_028942,0
ID_028943,0
ID_028944,0
ID_028945,0
ID_028946,0
ID_028947,0
ID_028948,0
ID_028949,0
ID_028950,0
ID_028951,0
ID_028952,0
ID_028953,0
ID_028954,0
ID_028955,0
ID_028956,0
ID_028957,0
ID_028958,0
ID_028959,0
ID_028960,0
ID_028961,0
ID_028962,0
ID_028963,0
ID_028964,0
ID_028965,0
ID_028966,0
ID_028967,0
ID_028968,0
ID_028969,0
ID_028970,0
ID_028971,0
ID_028972,0
ID_028973,0
ID_028974,0
ID_028975,0
ID_028976,0
ID_028977,0
ID_028978,0
ID_028979,0
ID_028980,0
ID_028981,0
ID_028982,0
ID_028983,0
ID_028984,0
ID_028985,0
ID_028986,0
ID_028987,0
ID_028988,0
ID_028989,0
ID_028990,0
ID_028991,0
ID_028992,0
ID_028993,0
ID_028994,0
ID_028995,0
ID_028996,0
ID_028997,0
ID_028998,0
ID_028999,0
ID_029000,0
ID_029001,0
ID_029002,0
ID_029003,0
ID_029004,0
ID_029005,0
ID_029006,0
ID_029007,0
ID_029008,0
ID_029009,0
ID_029010,0
ID_029011,0
ID_029012,0
ID_029013,0
ID_029014,0
ID_029015,0
ID_029016,0
ID_029017,0
ID_029018,0
ID_029019,0
ID_029020,0
ID_029021,0
ID_029022,0
ID_029023,0
ID_029024,0
ID_029025,0
ID_029026,0
ID_029027,0
ID_029028,0
ID_029029,0
ID_029030,0
ID_029031,0
ID_029032,0
ID_029033,0
ID_029034,0
ID_029035,0
ID_029036,0
ID_029037,0
ID_029038,0
ID_029039,0
ID_029040,0
ID_029041,0
ID_029042,0
ID_029043,0
ID_029044,0
ID_029045,0
ID_029046,0
ID_029047,0
ID_029048,0
ID_029049,0
ID_029050,0
ID_029051,0
ID_029052,0
ID_029053,0
ID_029054,0
ID_029055,0
ID_029056,0
ID_029057,0
ID_029058,0
ID_029059,0
ID_029060,0
ID_029061,0
ID_029062,0
ID_029063,0
ID_029064,0
ID_029065,0
ID_029066,0
ID_029067,0
ID_029068,0
ID_029069,0
ID_029070,0
ID_029071,0
ID_029072,0
ID_029073,0
ID_029074,0
ID_029075,0
ID_029076,0
ID_029077,0
ID_029078,0
ID_029079,0
ID_029080,0
ID_029081,0
ID_029082,0
ID_029083,0
ID_029084,0
ID_029085,0
ID_029086,0
ID_029087,0
ID_029088,0
ID_029089,0
ID_029090,0
ID_029091,0
ID_029092,0
ID_029093,0
ID_029094,0
ID_029095,0
ID_029096,0
ID_029097,0
ID_029098,0
ID_029099,0
ID_029100,0
ID_029101,0
ID_029102,0
ID_029103,0
ID_029104,0
ID_029105,0
ID_029106,0
ID_029107,0
ID_029108,0
ID_029109,0
ID_029110,0
ID_029111,0
ID_029112,0
ID_029113,0
ID_029114,0
ID_029115,0
ID_029116,0
ID_029117,0
ID_029118,0
ID_029119,0
ID_029120,0
ID_029121,0
ID_029122,0
ID_029123,0
ID_029124,0
ID_029125,0
ID_029126,0
ID_029127,0
ID_029128,0
ID_029129,0
ID_029130,0
ID_029131,0
ID_029132,0
ID_029133,0
ID_029134,0
ID_029135,0
ID_029136,0
ID_029137,0
ID_029138,0
ID_029139,0
ID_029140,0
ID_029141,0
ID_029142,0
ID_029143,0
ID_029144,0
ID_029145,0
ID_029146,0
ID_029147,0
ID_029148,0
ID_029149,0
ID_029150,0
ID_029151,0
ID_029152,0
ID_029153,0
ID_029154,0
ID_029155,0
ID_029156,0
ID_029157,0
ID_029158,0
ID_029159,0
ID_029160,0
ID_029161,0
ID_029162,0
ID_029163,0
ID_029164,0
ID_029165,0
ID_029166,0
ID_029167,0
ID_029168,0
ID_029169,0
ID_029170,0
ID_029171,0
ID_029172,0
ID_029173,0
ID_029174,0
ID_029175,0
ID_029176,0
ID_029177,0
ID_029178,0
ID_029179,0
ID_029180,0
ID_029181,0
ID_029182,0
ID_029183,0
ID_029184,0
ID_029185,0
ID_029186,0
ID_029187,0
ID_029188,0
ID_029189,0
ID_029190,0
ID_029191,0
ID_029192,0
ID_029193,0
ID_029194,0
ID_029195,0
ID_029196,0
ID_029197,0
ID_029198,0
ID_029199,0
ID_029200,0
ID_029201,0
ID_029202,0
ID_029203,0
ID_029204,0
ID_029205,0
ID_029206,0
ID_029207,0
ID_029208,0
ID_029209,0
ID_029210,0
ID_029211,0
ID_029212,0
ID_029213,0
ID_029214,0
ID_029215,0
ID_029216,0
ID_029217,0
ID_029218,0
ID_029219,0
ID_029220,0
ID_029221,0
ID_029222,0
ID_029223,0
ID_029224,0
ID_029225,0
ID_029226,0
ID_029227,0
ID_029228,0
ID_029229,0
ID_029230,0
ID_029231,0
ID_029232,0
ID_029233,0
ID_029234,0
ID_029235,0
ID_029236,0
ID_029237,0
ID_029238,0
ID_029239,0
ID_029240,0
ID_029241,0
ID_029242,0
ID_029243,0
ID_029244,0
ID_029245,0
ID_029246,0
ID_029247,0
ID_029248,0
ID_029249,0
ID_029250,0
ID_029251,0
ID_029252,0
ID_029253,0
ID_029254,0
ID_029255,0
ID_029256,0
ID_029257,0
ID_029258,0
ID_029259,0
ID_029260,0
ID_029261,0
ID_029262,0
ID_029263,0
ID_029264,0
ID_029265,0
ID_029266,0
ID_029267,0
ID_029268,0
ID_029269,0
ID_029270,0
ID_029271,0
ID_029272,0
ID_029273,0
ID_029274,0
ID_029275,0
ID_029276,0
ID_029277,0
ID_029278,0
ID_029279,0
ID_029280,0
ID_029281,0
ID_029282,0
ID_029283,0
ID_029284,0
ID_029285,0
ID_029286,0
ID_029287,0
ID_029288,0
ID_029289,0
ID_029290,0
ID_029291,0
ID_029292,0
ID_029293,0
ID_029294,0
ID_029295,0
ID_029296,0
ID_029297,0
ID_029298,0
ID_029299,0
ID_029300,0
ID_029301,0
ID_029302,0
ID_029303,0
ID_029304,0
ID_029305,0
ID_029306,0
ID_029307,0
ID_029308,0
ID_029309,0
ID_029310,0
ID_029311,0
ID_029312,0
ID_029313,0
ID_029314,0
ID_029315,0
ID_029316,0
ID_029317,0
ID_029318,0
ID_029319,0
ID_029320,0
ID_029321,0
ID_029322,0
ID_029323,0
ID_029324,0
ID_029325,0
ID_029326,0
ID_029327,0
ID_029328,0
ID_029329,0
ID_029330,0
ID_029331,0
ID_029332,0
ID_029333,0
ID_029334,0
ID_029335,0
ID_029336,0
ID_029337,0
ID_029338,0
ID_029339,0
ID_029340,0
ID_029341,0
ID_029342,0
ID_029343,0
ID_029344,0
ID_029345,0
ID_029346,0
ID_029347,0
ID_029348,0
ID_029349,0
ID_029350,0
ID_029351,0
ID_029352,0
ID_029353,0
ID_029354,0
ID_029355,0
ID_029356,0
ID_029357,0
ID_029358,0
ID_029359,0
ID_029360,0
ID_029361,0
ID_029362,0
ID_029363,0
ID_029364,0
ID_029365,0
ID_029366,0
ID_029367,0
ID_029368,0
ID_029369,0
ID_029370,0
ID_029371,0
ID_029372,0
ID_029373,0
ID_029374,0
ID_029375,0
ID_029376,0
ID_029377,0
ID_029378,0
ID_029379,0
ID_029380,0
ID_029381,0
ID_029382,0
ID_029383,0
ID_029384,0
ID_029385,0
ID_029386,0
ID_029387,0
ID_029388,0
ID_029389,0
ID_029390,0
ID_029391,0
ID_029392,0
ID_029393,0
ID_029394,0
ID_029395,0
ID_029396,0
ID_029397,0
ID_029398,0
ID_029399,0
ID_029400,0
ID_029401,0
ID_029402,0
ID_029403,0
ID_029404,0
ID_029405,0
ID_029406,0
ID_029407,0
ID_029408,0
ID_029409,0
ID_029410,0
ID_029411,0
ID_029412,0
ID_029413,0
ID_029414,0
ID_029415,0
ID_029416,0
ID_029417,0
ID_029418,0
ID_029419,0
ID_029420,0
ID_029421,0
ID_029422,0
ID_029423,0
ID_029424,0
ID_029425,0
ID_029426,0
ID_029427,0
ID_029428,0
ID_029429,0
ID_029430,0
ID_029431,0
ID_029432,0
ID_029433,0
ID_029434,0
ID_029435,0
ID_029436,0
ID_029437,0
ID_029438,0
ID_029439,0
ID_029440,0
ID_029441,0
ID_029442,0
ID_029443,0
ID_029444,0
ID_029445,0
ID_029446,0
ID_029447,0
ID_029448,0
ID_029449,0
ID_029450,0
ID_029451,0
ID_029452,0
ID_029453,0
ID_029454,0
ID_029455,0
ID_029456,0
ID_029457,0
ID_029458,0
ID_029459,0
ID_029460,0
ID_029461,0
ID_029462,0
ID_029463,0
ID_029464,0
ID_029465,0
ID_029466,0
ID_029467,0
ID_029468,0
ID_029469,0
ID_029470,0
ID_029471,0
ID_029472,0
ID_029473,0
ID_029474,0
ID_029475,0
ID_029476,0
ID_029477,0
ID_029478,0
ID_029479,0
ID_029480,0
ID_029481,0
ID_029482,0
ID_029483,0
ID_029484,0
ID_029485,0
ID_029486,0
ID_029487,0
ID_029488,0
ID_029489,0
ID_029490,0
ID_029491,0
ID_029492,0
ID_029493,0
ID_029494,0
ID_029495,0
ID_029496,0
ID_029497,0
ID_029498,0
ID_029499,0
ID_029500,0
ID_029501,0
ID_029502,0
ID_029503,0
ID_029504,0
ID_029505,0
ID_029506,0
ID_029507,0
ID_029508,0
ID_029509,0
ID_029510,0
ID_029511,0
ID_029512,0
ID_029513,0
ID_029514,0
ID_029515,0
ID_029516,0
ID_029517,0
ID_029518,0
ID_029519,0
ID_029520,0
ID_029521,0
ID_029522,0
ID_029523,0
ID_029524,0
ID_029525,0
ID_029526,0
ID_029527,0
ID_029528,0
ID_029529,0
ID_029530,0
ID_029531,0
ID_029532,0
ID_029533,0
ID_029534,0
ID_029535,0
ID_029536,0
ID_029537,0
ID_029538,0
ID_029539,0
ID_029540,0
ID_029541,0
ID_029542,0
ID_029543,0
ID_029544,0
ID_029545,0
ID_029546,0
ID_029547,0
ID_029548,0
ID_029549,0
ID_029550,0
ID_029551,0
ID_029552,0
ID_029553,0
ID_029554,0
ID_029555,0
ID_029556,0
ID_029557,0
ID_029558,0
ID_029559,0
ID_029560,0
ID_029561,0
ID_029562,0
ID_029563,0
ID_029564,0
ID_029565,0
ID_029566,0
ID_029567,0
ID_029568,0
ID_029569,0
ID_029570,0
ID_029571,0
ID_029572,0
ID_029573,0
ID_029574,0
ID_029575,0
ID_029576,0
ID_029577,0
ID_029578,0
ID_029579,0
ID_029580,0
ID_029581,0
ID_029582,0
ID_029583,0
ID_029584,0
ID_029585,0
ID_029586,0
ID_029587,0
ID_029588,0
ID_029589,0
ID_029590,0
ID_029591,0
ID_029592,0
ID_029593,0
ID_029594,0
ID_029595,0
ID_029596,0
ID_029597,0
ID_029598,0
ID_029599,0
ID_029600,0
ID_029601,0
ID_029602,0
ID_029603,0
ID_029604,0
ID_029605,0
ID_029606,0
ID_029607,0
ID_029608,0
ID_029609,0
ID_029610,0
ID_029611,0
ID_029612,0
ID_029613,0
ID_029614,0
ID_029615,0
ID_029616,0
ID_029617,0
ID_029618,0
ID_029619,0
ID_029620,0
ID_029621,0
ID_029622,0
ID_029623,0
ID_029624,0
ID_029625,0
ID_029626,0
ID_029627,0
ID_029628,0
ID_029629,0
ID_029630,0
ID_029631,0
ID_029632,0
ID_029633,0
ID_029634,0
ID_029635,0
ID_029636,0
ID_029637,0
ID_029638,0
ID_029639,0
ID_029640,0
ID_029641,0
ID_029642,0
ID_029643,0
ID_029644,0
ID_029645,0
ID_029646,0
ID_029647,0
ID_029648,0
ID_029649,0
ID_029650,0
ID_029651,0
ID_029652,0
ID_029653,0
ID_029654,0
ID_029655,0
ID_029656,0
ID_029657,0
ID_029658,0
ID_029659,0
ID_029660,0
ID_029661,0
ID_029662,0
ID_029663,0
ID_029664,0
ID_029665,0
ID_029666,0
ID_029667,0
ID_029668,0
ID_029669,0
ID_029670,0
ID_029671,0
ID_029672,0
ID_029673,0
ID_029674,0
ID_029675,0
ID_029676,0
ID_029677,0
ID_029678,0
ID_029679,0
ID_029680,0
ID_029681,0
ID_029682,0
ID_029683,0
ID_029684,0
ID_029685,0
ID_029686,0
ID_029687,0
ID_029688,0
ID_029689,0
ID_029690,0
ID_029691,0
ID_029692,0
ID_029693,0
ID_029694,0
ID_029695,0
ID_029696,0
ID_029697,0
ID_029698,0
ID_029699,0
ID_029700,0
ID_029701,0
ID_029702,0
ID_029703,0
ID_029704,0
ID_029705,0
ID_029706,0
ID_029707,0
ID_029708,0
ID_029709,0
ID_029710,0
ID_029711,0
ID_029712,0
ID_029713,0
ID_029714,0
ID_029715,0
ID_029716,0
ID_029717,0
ID_029718,0
ID_029719,0
ID_029720,0
ID_029721,0
ID_029722,0
ID_029723,0
ID_029724,0
ID_029725,0
ID_029726,0
ID_029727,0
ID_029728,0
ID_029729,0
ID_029730,0
ID_029731,0
ID_029732,0
ID_029733,0
ID_029734,0
ID_029735,0
ID_029736,0
ID_029737,0
ID_029738,0
ID_029739,0
ID_029740,0
ID_029741,0
ID_029742,0
ID_029743,0
ID_029744,0
ID_029745,0
ID_029746,0
ID_029747,0
ID_029748,0
ID_029749,0
ID_029750,0
ID_029751,0
ID_029752,0
ID_029753,0
ID_029754,0
ID_029755,0
ID_029756,0
ID_029757,0
ID_029758,0
ID_029759,0
ID_029760,0
ID_029761,0
ID_029762,0
ID_029763,0
ID_029764,0
ID_029765,0
ID_029766,0
ID_029767,0
ID_029768,0
ID_029769,0
ID_029770,0
ID_029771,0
ID_029772,0
ID_029773,0
ID_029774,0
ID_029775,0
ID_029776,0
ID_029777,0
ID_029778,0
ID_029779,0
ID_029780,0
ID_029781,0
ID_029782,0
ID_029783,0
ID_029784,0
ID_029785,0
ID_029786,0
ID_029787,0
ID_029788,0
ID_029789,0
ID_029790,0
ID_029791,0
ID_029792,0
ID_029793,0
ID_029794,0
ID_029795,0
ID_029796,0
ID_029797,0
ID_029798,0
ID_029799,0
ID_029800,0
ID_029801,0
ID_029802,0
ID_029803,0
ID_029804,0
ID_029805,0
ID_029806,0
ID_029807,0
ID_029808,0
ID_029809,0
ID_029810,0
ID_029811,0
ID_029812,0
ID_029813,0
ID_029814,0
ID_029815,0
ID_029816,0
ID_029817,0
ID_029818,0
ID_029819,0
ID_029820,0
ID_029821,0
ID_029822,0
ID_029823,0
ID_029824,0
ID_029825,0
ID_029826,0
ID_029827,0
ID_029828,0
ID_029829,0
ID_029830,0
ID_029831,0
ID_029832,0
ID_029833,0
ID_029834,0
ID_029835,0
ID_029836,0
ID_029837,0
ID_029838,0
ID_029839,0
ID_029840,0
ID_029841,0
ID_029842,0
ID_029843,0
ID_029844,0
ID_029845,0
ID_029846,0
ID_029847,0
ID_029848,0
ID_029849,0
ID_029850,0
ID_029851,0
ID_029852,0
ID_029853,0
ID_029854,0
ID_029855,0
ID_029856,0
ID_029857,0
ID_029858,0
ID_029859,0
ID_029860,0
ID_029861,0
ID_029862,0
ID_029863,0
ID_029864,0
ID_029865,0
ID_029866,0
ID_029867,0
ID_029868,0
ID_029869,0
ID_029870,0
ID_029871,0
ID_029872,0
ID_029873,0
ID_029874,0
ID_029875,0
ID_029876,0
ID_029877,0
ID_029878,0
ID_029879,0
ID_029880,0
ID_029881,0
ID_029882,0
ID_029883,0
ID_029884,0
ID_029885,0
ID_029886,0
ID_029887,0
ID_029888,0
ID_029889,0
ID_029890,0
ID_029891,0
ID_029892,0
ID_029893,0
ID_029894,0
ID_029895,0
ID_029896,0
ID_029897,0
ID_029898,0
ID_029899,0
ID_029900,0
ID_029901,0
ID_029902,0
ID_029903,0
ID_029904,0
ID_029905,0
ID_029906,0
ID_029907,0
ID_029908,0
ID_029909,0
ID_029910,0
ID_029911,0
ID_029912,0
ID_029913,0
ID_029914,0
ID_029915,0
ID_029916,0
ID_029917,0
ID_029918,0
ID_029919,0
ID_029920,0
ID_029921,0
ID_029922,0
ID_029923,0
ID_029924,0
ID_029925,0
ID_029926,0
ID_029927,0
ID_029928,0
ID_029929,0
ID_029930,0
ID_029931,0
ID_029932,0
ID_029933,0
ID_029934,0
ID_029935,0
ID_029936,0
ID_029937,0
ID_029938,0
ID_029939,0
ID_029940,0
ID_029941,0
ID_029942,0
ID_029943,0
ID_029944,0
ID_029945,0
ID_029946,0
ID_029947,0
ID_029948,0
ID_029949,0
ID_029950,0
ID_029951,0
ID_029952,0
ID_029953,0
ID_029954,0
ID_029955,0
ID_029956,0
ID_029957,0
ID_029958,0
ID_029959,0
ID_029960,0
ID_029961,0
ID_029962,0
ID_029963,0
ID_029964,0
ID_029965,0
ID_029966,0
ID_029967,0
ID_029968,0
ID_029969,0
ID_029970,0
ID_029971,0
ID_029972,0
ID_029973,0
ID_029974,0
ID_029975,0
ID_029976,0
ID_029977,0
ID_029978,0
ID_029979,0
ID_029980,0
ID_029981,0
ID_029982,0
ID_029983,0
ID_029984,0
ID_029985,0
ID_029986,0
ID_029987,0
ID_029988,0
ID_029989,0
ID_029990,0
ID_029991,0
ID_029992,0
ID_029993,0
ID_029994,0
ID_029995,0
ID_029996,0
ID_029997,0
ID_029998,0
ID_029999,0
ID_030000,0
ID_030001,0
ID_030002,0
ID_030003,0
ID_030004,0
ID_030005,0
ID_030006,0
ID_030007,0
ID_030008,0
ID_030009,0
ID_030010,0
ID_030011,0
ID_030012,0
ID_030013,0
ID_030014,0
ID_030015,0
ID_030016,0
ID_030017,0
ID_030018,0
ID_030019,0
ID_030020,0
ID_030021,0
ID_030022,0
ID_030023,0
ID_030024,0
ID_030025,0
ID_030026,0
ID_030027,0
ID_030028,0
ID_030029,0
ID_030030,0
ID_030031,0
ID_030032,0
ID_030033,0
ID_030034,0
ID_030035,0
ID_030036,0
ID_030037,0
ID_030038,0
ID_030039,0
ID_030040,0
ID_030041,0
ID_030042,0
ID_030043,0
ID_030044,0
ID_030045,0
ID_030046,0
ID_030047,0
ID_030048,0
ID_030049,0
ID_030050,0
ID_030051,0
ID_030052,0
ID_030053,0
ID_030054,0
ID_030055,0
ID_030056,0
ID_030057,0
ID_030058,0
ID_030059,0
ID_030060,0
ID_030061,0
ID_030062,0
ID_030063,0
ID_030064,0
ID_030065,0
ID_030066,0
ID_030067,0
ID_030068,0
ID_030069,0
ID_030070,0
ID_030071,0
ID_030072,0
ID_030073,0
ID_030074,0
ID_030075,0
ID_030076,0
ID_030077,0
ID_030078,0
ID_030079,0
ID_030080,0
ID_030081,0
ID_030082,0
ID_030083,0
ID_030084,0
ID_030085,0
ID_030086,0
ID_030087,0
ID_030088,0
ID_030089,0
ID_030090,0
ID_030091,0
ID_030092,0
ID_030093,0
ID_030094,0
ID_030095,0
ID_030096,0
ID_030097,0
ID_030098,0
ID_030099,0
ID_030100,0
ID_030101,0
ID_030102,0
ID_030103,0
ID_030104,0
ID_030105,0
ID_030106,0
ID_030107,0
ID_030108,0
ID_030109,0
ID_030110,0
ID_030111,0
ID_030112,0
ID_030113,0
ID_030114,0
ID_030115,0
ID_030116,0
ID_030117,0
ID_030118,0
ID_030119,0
ID_030120,0
ID_030121,0
ID_030122,0
ID_030123,0
ID_030124,0
ID_030125,0
ID_030126,0
ID_030127,0
ID_030128,0
ID_030129,0
ID_030130,0
ID_030131,0
ID_030132,0
ID_030133,0
ID_030134,0
ID_030135,0
ID_030136,0
ID_030137,0
ID_030138,0
ID_030139,0
ID_030140,0
ID_030141,0
ID_030142,0
ID_030143,0
ID_030144,0
ID_030145,0
ID_030146,0
ID_030147,0
ID_030148,0
ID_030149,0
ID_030150,0
ID_030151,0
ID_030152,0
ID_030153,0
ID_030154,0
ID_030155,0
ID_030156,0
ID_030157,0
ID_030158,0
ID_030159,0
ID_030160,0
ID_030161,0
ID_030162,0
ID_030163,0
ID_030164,0
ID_030165,0
ID_030166,0
ID_030167,0
ID_030168,0
ID_030169,0
ID_030170,0
ID_030171,0
ID_030172,0
ID_030173,0
ID_030174,0
ID_030175,0
ID_030176,0
ID_030177,0
ID_030178,0
ID_030179,0
ID_030180,0
ID_030181,0
ID_030182,0
ID_030183,0
ID_030184,0
ID_030185,0
ID_030186,0
ID_030187,0
ID_030188,0
ID_030189,0
ID_030190,0
ID_030191,0
ID_030192,0
ID_030193,0
ID_030194,0
ID_030195,0
ID_030196,0
ID_030197,0
ID_030198,0
ID_030199,0
ID_030200,0
ID_030201,0
ID_030202,0
ID_030203,0
ID_030204,0
ID_030205,0
ID_030206,0
ID_030207,0
ID_030208,0
ID_030209,0
ID_030210,0
ID_030211,0
ID_030212,0
ID_030213,0
ID_030214,0
ID_030215,0
ID_030216,0
ID_030217,0
ID_030218,0
ID_030219,0
ID_030220,0
ID_030221,0
ID_030222,0
ID_030223,0
ID_030224,0
ID_030225,0
ID_030226,0
ID_030227,0
ID_030228,0
ID_030229,0
ID_030230,0
ID_030231,0
ID_030232,0
ID_030233,0
ID_030234,0
ID_030235,0
ID_030236,0
ID_030237,0
ID_030238,0
ID_030239,0
ID_030240,0
ID_030241,0
ID_030242,0
ID_030243,0
ID_030244,0
ID_030245,0
ID_030246,0
ID_030247,0
ID_030248,0
ID_030249,0
ID_030250,0
ID_030251,0
ID_030252,0
ID_030253,0
ID_030254,0
ID_030255,0
ID_030256,0
ID_030257,0
ID_030258,0
ID_030259,0
ID_030260,0
ID_030261,0
ID_030262,0
ID_030263,0
ID_030264,0
ID_030265,0
ID_030266,0
ID_030267,0
ID_030268,0
ID_030269,0
ID_030270,0
ID_030271,0
ID_030272,0
ID_030273,0
ID_030274,0
ID_030275,0
ID_030276,0
ID_030277,0
ID_030278,0
ID_030279,0
ID_030280,0
ID_030281,0
ID_030282,0
ID_030283,0
ID_030284,0
ID_030285,0
ID_030286,0
ID_030287,0
ID_030288,0
ID_030289,0
ID_030290,0
ID_030291,0
ID_030292,0
ID_030293,0
ID_030294,0
ID_030295,0
ID_030296,0
ID_030297,0
ID_030298,0
ID_030299,0
ID_030300,0
ID_030301,0
ID_030302,0
ID_030303,0
ID_030304,0
ID_030305,0
ID_030306,0
ID_030307,0
ID_030308,0
ID_030309,0
ID_030310,0
ID_030311,0
ID_030312,0
ID_030313,0
ID_030314,0
ID_030315,0
ID_030316,0
ID_030317,0
ID_030318,0
ID_030319,0
ID_030320,0
ID_030321,0
ID_030322,0
ID_030323,0
ID_030324,0
ID_030325,0
ID_030326,0
ID_030327,0
ID_030328,0
ID_030329,0
ID_030330,0
ID_030331,0
ID_030332,0
ID_030333,0
ID_030334,0
ID_030335,0
ID_030336,0
ID_030337,0
ID_030338,0
ID_030339,0
ID_030340,0
ID_030341,0
ID_030342,0
ID_030343,0
ID_030344,0
ID_030345,0
ID_030346,0
ID_030347,0
ID_030348,0
ID_030349,0
ID_030350,0
ID_030351,0
ID_030352,0
ID_030353,0
ID_030354,0
ID_030355,0
ID_030356,0
ID_030357,0
ID_030358,0
ID_030359,0
ID_030360,0
ID_030361,0
ID_030362,0
ID_030363,0
ID_030364,0
ID_030365,0
ID_030366,0
ID_030367,0
ID_030368,0
ID_030369,0
ID_030370,0
ID_030371,0
ID_030372,0
ID_030373,0
ID_030374,0
ID_030375,0
ID_030376,0
ID_030377,0
ID_030378,0
ID_030379,0
ID_030380,0
ID_030381,0
ID_030382,0
ID_030383,0
ID_030384,0
ID_030385,0
ID_030386,0
ID_030387,0
ID_030388,0
ID_030389,0
ID_030390,0
ID_030391,0
ID_030392,0
ID_030393,0
ID_030394,0
ID_030395,0
ID_030396,0
ID_030397,0
ID_030398,0
ID_030399,0
ID_030400,0
ID_030401,0
ID_030402,0
ID_030403,0
ID_030404,0
ID_030405,0
ID_030406,0
ID_030407,0
ID_030408,0
ID_030409,0
ID_030410,0
ID_030411,0
ID_030412,0
ID_030413,0
ID_030414,0
ID_030415,0
ID_030416,0
ID_030417,0
ID_030418,0
ID_030419,0
ID_030420,0
ID_030421,0
ID_030422,0
ID_030423,0
ID_030424,0
ID_030425,0
ID_030426,0
ID_030427,0
ID_030428,0
ID_030429,0
ID_030430,0
ID_030431,0
ID_030432,0
ID_030433,0
ID_030434,0
ID_030435,0
ID_030436,0
ID_030437,0
ID_030438,0
ID_030439,0
ID_030440,0
ID_030441,0
ID_030442,0
ID_030443,0
ID_030444,0
ID_030445,0
ID_030446,0
ID_030447,0
ID_030448,0
ID_030449,0
ID_030450,0
ID_030451,0
ID_030452,0
ID_030453,0
ID_030454,0
ID_030455,0
ID_030456,0
ID_030457,0
ID_030458,0
ID_030459,0
ID_030460,0
ID_030461,0
ID_030462,0
ID_030463,0
ID_030464,0
ID_030465,0
ID_030466,0
ID_030467,0
ID_030468,0
ID_030469,0
ID_030470,0
ID_030471,0
ID_030472,0
ID_030473,0
ID_030474,0
ID_030475,0
ID_030476,0
ID_030477,0
ID_030478,0
ID_030479,0
ID_030480,0
ID_030481,0
ID_030482,0
ID_030483,0
ID_030484,0
ID_030485,0
ID_030486,0
ID_030487,0
ID_030488,0
ID_030489,0
ID_030490,0
ID_030491,0
ID_030492,0
ID_030493,0
ID_030494,0
ID_030495,0
ID_030496,0
ID_030497,0
ID_030498,0
ID_030499,0
ID_030500,0
ID_030501,0
ID_030502,0
ID_030503,0
ID_030504,0
ID_030505,0
ID_030506,0
ID_030507,0
ID_030508,0
ID_030509,0
ID_030510,0
ID_030511,0
ID_030512,0
ID_030513,0
ID_030514,0
ID_030515,0
ID_030516,0
ID_030517,0
ID_030518,0
ID_030519,0
ID_030520,0
ID_030521,0
ID_030522,0
ID_030523,0
ID_030524,0
ID_030525,0
ID_030526,0
ID_030527,0
ID_030528,0
ID_030529,0
ID_030530,0
ID_030531,0
ID_030532,0
ID_030533,0
ID_030534,0
ID_030535,0
ID_030536,0
ID_030537,0
ID_030538,0
ID_030539,0
ID_030540,0
ID_030541,0
ID_030542,0
ID_030543,0
ID_030544,0
ID_030545,0
ID_030546,0
ID_030547,0
ID_030548,0
ID_030549,0
ID_030550,0
ID_030551,0
ID_030552,0
ID_030553,0
ID_030554,0
ID_030555,0
ID_030556,0
ID_030557,0
ID_030558,0
ID_030559,0
ID_030560,0
ID_030561,0
ID_030562,0
ID_030563,0
ID_030564,0
ID_030565,0
ID_030566,0
ID_030567,0
ID_030568,0
ID_030569,0
ID_030570,0
ID_030571,0
ID_030572,0
ID_030573,0
ID_030574,0
ID_030575,0
ID_030576,0
ID_030577,0
ID_030578,0
ID_030579,0
ID_030580,0
ID_030581,0
ID_030582,0
ID_030583,0
ID_030584,0
ID_030585,0
ID_030586,0
ID_030587,0
ID_030588,0
ID_030589,0
ID_030590,0
ID_030591,0
ID_030592,0
ID_030593,0
ID_030594,0
ID_030595,0
ID_030596,0
ID_030597,0
ID_030598,0
ID_030599,0
ID_030600,0
ID_030601,0
ID_030602,0
ID_030603,0
ID_030604,0
ID_030605,0
ID_030606,0
ID_030607,0
ID_030608,0
ID_030609,0
ID_030610,0
ID_030611,0
ID_030612,0
ID_030613,0
ID_030614,0
ID_030615,0
ID_030616,0
ID_030617,0
ID_030618,0
ID_030619,0
ID_030620,0
ID_030621,0
ID_030622,0
ID_030623,0
ID_030624,0
ID_030625,0
ID_030626,0
ID_030627,0
ID_030628,0
ID_030629,0
ID_030630,0
ID_030631,0
ID_030632,0
ID_030633,0
ID_030634,0
ID_030635,0
ID_030636,0
ID_030637,0
ID_030638,0
ID_030639,0
ID_030640,0
ID_030641,0
ID_030642,0
ID_030643,0
ID_030644,0
ID_030645,0
ID_030646,0
ID_030647,0
ID_030648,0
ID_030649,0
ID_030650,0
ID_030651,0
ID_030652,0
ID_030653,0
ID_030654,0
ID_030655,0
ID_030656,0
ID_030657,0
ID_030658,0
ID_030659,0
ID_030660,0
ID_030661,0
ID_030662,0
ID_030663,0
ID_030664,0
ID_030665,0
ID_030666,0
ID_030667,0
ID_030668,0
ID_030669,0
ID_030670,0
ID_030671,0
ID_030672,0
ID_030673,0
ID_030674,0
ID_030675,0
ID_030676,0
ID_030677,0
ID_030678,0
ID_030679,0
ID_030680,0
ID_030681,0
ID_030682,0
ID_030683,0
ID_030684,0
ID_030685,0
ID_030686,0
ID_030687,0
ID_030688,0
ID_030689,0
ID_030690,0
ID_030691,0
ID_030692,0
ID_030693,0
ID_030694,0
ID_030695,0
ID_030696,0
ID_030697,0
ID_030698,0
ID_030699,0
ID_030700,0
ID_030701,0
ID_030702,0
ID_030703,0
ID_030704,0
ID_030705,0
ID_030706,0
ID_030707,0
ID_030708,0
ID_030709,0
ID_030710,0
ID_030711,0
ID_030712,0
ID_030713,0
ID_030714,0
ID_030715,0
ID_030716,0
ID_030717,0
ID_030718,0
ID_030719,0
ID_030720,0
ID_030721,0
ID_030722,0
ID_030723,0
ID_030724,0
ID_030725,0
ID_030726,0
ID_030727,0
ID_030728,0
ID_030729,0
ID_030730,0
ID_030731,0
ID_030732,0
ID_030733,0
ID_030734,0
ID_030735,0
ID_030736,0
ID_030737,0
ID_030738,0
ID_030739,0
ID_030740,0
ID_030741,0
ID_030742,0
ID_030743,0
ID_030744,0
ID_030745,0
ID_030746,0
ID_030747,0
ID_030748,0
ID_030749,0
ID_030750,0
ID_030751,0
ID_030752,0
ID_030753,0
ID_030754,0
ID_030755,0
ID_030756,0
ID_030757,0
ID_030758,0
ID_030759,0
ID_030760,0
ID_030761,0
ID_030762,0
ID_030763,0
ID_030764,0
ID_030765,0
ID_030766,0
ID_030767,0
ID_030768,0
ID_030769,0
ID_030770,0
ID_030771,0
ID_030772,0
ID_030773,0
ID_030774,0
ID_030775,0
ID_030776,0
ID_030777,0
ID_030778,0
ID_030779,0
ID_030780,0
ID_030781,0
ID_030782,0
ID_030783,0
ID_030784,0
ID_030785,0
ID_030786,0
ID_030787,0
ID_030788,0
ID_030789,0
ID_030790,0
ID_030791,0
ID_030792,0
ID_030793,0
ID_030794,0
ID_030795,0
ID_030796,0
ID_030797,0
ID_030798,0
ID_030799,0
ID_030800,0
ID_030801,0
ID_030802,0
ID_030803,0
ID_030804,0
ID_030805,0
ID_030806,0
ID_030807,0
ID_030808,0
ID_030809,0
ID_030810,0
ID_030811,0
ID_030812,0
ID_030813,0
ID_030814,0
ID_030815,0
ID_030816,0
ID_030817,0
ID_030818,0
ID_030819,0
ID_030820,0
ID_030821,0
ID_030822,0
ID_030823,0
ID_030824,0
ID_030825,0
ID_030826,0
ID_030827,0
ID_030828,0
ID_030829,0
ID_030830,0
ID_030831,0
ID_030832,0
ID_030833,0
ID_030834,0
ID_030835,0
ID_030836,0
ID_030837,0
ID_030838,0
ID_030839,0
ID_030840,0
ID_030841,0
ID_030842,0
ID_030843,0
ID_030844,0
ID_030845,0
ID_030846,0
ID_030847,0
ID_030848,0
ID_030849,0
ID_030850,0
ID_030851,0
ID_030852,0
ID_030853,0
ID_030854,0
ID_030855,0
ID_030856,0
ID_030857,0
ID_030858,0
ID_030859,0
ID_030860,0
ID_030861,0
ID_030862,0
ID_030863,0
ID_030864,0
ID_030865,0
ID_030866,0
ID_030867,0
ID_030868,0
ID_030869,0
ID_030870,0
ID_030871,0
ID_030872,0
ID_030873,0
ID_030874,0
ID_030875,0
ID_030876,0
ID_030877,0
ID_030878,0
ID_030879,0
ID_030880,0
ID_030881,0
ID_030882,0
ID_030883,0
ID_030884,0
ID_030885,0
ID_030886,0
ID_030887,0
ID_030888,0
ID_030889,0
ID_030890,0
ID_030891,0
ID_030892,0
ID_030893,0
ID_030894,0
ID_030895,0
ID_030896,0
ID_030897,0
ID_030898,0
ID_030899,0
ID_030900,0
ID_030901,0
ID_030902,0
ID_030903,0
ID_030904,0
ID_030905,0
ID_030906,0
ID_030907,0
ID_030908,0
ID_030909,0
ID_030910,0
ID_030911,0
ID_030912,0
ID_030913,0
ID_030914,0
ID_030915,0
ID_030916,0
ID_030917,0
ID_030918,0
ID_030919,0
ID_030920,0
ID_030921,0
ID_030922,0
ID_030923,0
ID_030924,0
ID_030925,0
ID_030926,0
ID_030927,0
ID_030928,0
ID_030929,0
ID_030930,0
ID_030931,0
ID_030932,0
ID_030933,0
ID_030934,0
ID_030935,0
ID_030936,0
ID_030937,0
ID_030938,0
ID_030939,0
ID_030940,0
ID_030941,0
ID_030942,0
ID_030943,0
ID_030944,0
ID_030945,0
ID_030946,0
ID_030947,0
ID_030948,0
ID_030949,0
ID_030950,0
ID_030951,0
ID_030952,0
ID_030953,0
ID_030954,0
ID_030955,0
ID_030956,0
ID_030957,0
ID_030958,0
ID_030959,0
ID_030960,0
ID_030961,0
ID_030962,0
ID_030963,0
ID_030964,0
ID_030965,0
ID_030966,0
ID_030967,0
ID_030968,0
ID_030969,0
ID_030970,0
ID_030971,0
ID_030972,0
ID_030973,0
ID_030974,0
ID_030975,0
ID_030976,0
ID_030977,0
ID_030978,0
ID_030979,0
ID_030980,0
ID_030981,0
ID_030982,0
ID_030983,0
ID_030984,0
ID_030985,0
ID_030986,0
ID_030987,0
ID_030988,0
ID_030989,0
ID_030990,0
ID_030991,0
ID_030992,0
ID_030993,0
ID_030994,0
ID_030995,0
ID_030996,0
ID_030997,0
ID_030998,0
ID_030999,0
ID_031000,0
ID_031001,0
ID_031002,0
ID_031003,0
ID_031004,0
ID_031005,0
ID_031006,0
ID_031007,0
ID_031008,0
ID_031009,0
ID_031010,0
ID_031011,0
ID_031012,0
ID_031013,0
ID_031014,0
ID_031015,0
ID_031016,0
ID_031017,0
ID_031018,0
ID_031019,0
ID_031020,0
ID_031021,0
ID_031022,0
ID_031023,0
ID_031024,0
ID_031025,0
ID_031026,0
ID_031027,0
ID_031028,0
ID_031029,0
ID_031030,0
ID_031031,0
ID_031032,0
ID_031033,0
ID_031034,0
ID_031035,0
ID_031036,0
ID_031037,0
ID_031038,0
ID_031039,0
ID_031040,0
ID_031041,0
ID_031042,0
ID_031043,0
ID_031044,0
ID_031045,0
ID_031046,0
ID_031047,0
ID_031048,0
ID_031049,0
ID_031050,0
ID_031051,0
ID_031052,0
ID_031053,0
ID_031054,0
ID_031055,0
ID_031056,0
ID_031057,0
ID_031058,0
ID_031059,0
ID_031060,0
ID_031061,0
ID_031062,0
ID_031063,0
ID_031064,0
ID_031065,0
ID_031066,0
ID_031067,0
ID_031068,0
ID_031069,0
ID_031070,0
ID_031071,0
ID_031072,0
ID_031073,0
ID_031074,0
ID_031075,0
ID_031076,0
ID_031077,0
ID_031078,0
ID_031079,0
ID_031080,0
ID_031081,0
ID_031082,0
ID_031083,0
ID_031084,0
ID_031085,0
ID_031086,0
ID_031087,0
ID_031088,0
ID_031089,0
ID_031090,0
ID_031091,0
ID_031092,0
ID_031093,0
ID_031094,0
ID_031095,0
ID_031096,0
ID_031097,0
ID_031098,0
ID_031099,0
ID_031100,0
ID_031101,0
ID_031102,0
ID_031103,0
ID_031104,0
ID_031105,0
ID_031106,0
ID_031107,0
ID_031108,0
ID_031109,0
ID_031110,0
ID_031111,0
ID_031112,0
ID_031113,0
ID_031114,0
ID_031115,0
ID_031116,0
ID_031117,0
ID_031118,0
ID_031119,0
ID_031120,0
ID_031121,0
ID_031122,0
ID_031123,0
ID_031124,0
ID_031125,0
ID_031126,0
ID_031127,0
ID_031128,0
ID_031129,0
ID_031130,0
ID_031131,0
ID_031132,0
ID_031133,0
ID_031134,0
ID_031135,0
ID_031136,0
ID_031137,0
ID_031138,0
ID_031139,0
ID_031140,0
ID_031141,0
ID_031142,0
ID_031143,0
ID_031144,0
ID_031145,0
ID_031146,0
ID_031147,0
ID_031148,0
ID_031149,0
ID_031150,0
ID_031151,0
ID_031152,0
ID_031153,0
ID_031154,0
ID_031155,0
ID_031156,0
ID_031157,0
ID_031158,0
ID_031159,0
ID_031160,0
ID_031161,0
ID_031162,0
ID_031163,0
ID_031164,0
ID_031165,0
ID_031166,0
ID_031167,0
ID_031168,0
ID_031169,0
ID_031170,0
ID_031171,0
ID_031172,0
ID_031173,0
ID_031174,0
ID_031175,0
ID_031176,0
ID_031177,0
ID_031178,0
ID_031179,0
ID_031180,0
ID_031181,0
ID_031182,0
ID_031183,0
ID_031184,0
ID_031185,0
ID_031186,0
ID_031187,0
ID_031188,0
ID_031189,0
ID_031190,0
ID_031191,0
ID_031192,0
ID_031193,0
ID_031194,0
ID_031195,0
ID_031196,0
ID_031197,0
ID_031198,0
ID_031199,0
ID_031200,0
ID_031201,0
ID_031202,0
ID_031203,0
ID_031204,0
ID_031205,0
ID_031206,0
ID_031207,0
ID_031208,0
ID_031209,0
ID_031210,0
ID_031211,0
ID_031212,0
ID_031213,0
ID_031214,0
ID_031215,0
ID_031216,0
ID_031217,0
ID_031218,0
ID_031219,0
ID_031220,0
ID_031221,0
ID_031222,0
ID_031223,0
ID_031224,0
ID_031225,0
ID_031226,0
ID_031227,0
ID_031228,0
ID_031229,0
ID_031230,0
ID_031231,0
ID_031232,0
ID_031233,0
ID_031234,0
ID_031235,0
ID_031236,0
ID_031237,0
ID_031238,0
ID_031239,0
ID_031240,0
ID_031241,0
ID_031242,0
ID_031243,0
ID_031244,0
ID_031245,0
ID_031246,0
ID_031247,0
ID_031248,0
ID_031249,0
ID_031250,0
ID_031251,0
ID_031252,0
ID_031253,0
ID_031254,0
ID_031255,0
ID_031256,0
ID_031257,0
ID_031258,0
ID_031259,0
ID_031260,0
ID_031261,0
ID_031262,0
ID_031263,0
ID_031264,0
ID_031265,0
ID_031266,0
ID_031267,0
ID_031268,0
ID_031269,0
ID_031270,0
ID_031271,0
ID_031272,0
ID_031273,0
ID_031274,0
ID_031275,0
ID_031276,0
ID_031277,0
ID_031278,0
ID_031279,0
ID_031280,0
ID_031281,0
ID_031282,0
ID_031283,0
ID_031284,0
ID_031285,0
ID_031286,0
ID_031287,0
ID_031288,0
ID_031289,0
ID_031290,0
ID_031291,0
ID_031292,0
ID_031293,0
ID_031294,0
ID_031295,0
ID_031296,0
ID_031297,0
ID_031298,0
ID_031299,0
ID_031300,0
ID_031301,0
ID_031302,0
ID_031303,0
ID_031304,0
ID_031305,0
ID_031306,0
ID_031307,0
ID_031308,0
ID_031309,0
ID_031310,0
ID_031311,0
ID_031312,0
ID_031313,0
ID_031314,0
ID_031315,0
ID_031316,0
ID_031317,0
ID_031318,0
ID_031319,0
ID_031320,0
ID_031321,0
ID_031322,0
ID_031323,0
ID_031324,0
ID_031325,0
ID_031326,0
ID_031327,0
ID_031328,0
ID_031329,0
ID_031330,0
ID_031331,0
ID_031332,0
ID_031333,0
ID_031334,0
ID_031335,0
ID_031336,0
ID_031337,0
ID_031338,0
ID_031339,0
ID_031340,0
ID_031341,0
ID_031342,0
ID_031343,0
ID_031344,0
ID_031345,0
ID_031346,0
ID_031347,0
ID_031348,0
ID_031349,0
ID_031350,0
ID_031351,0
ID_031352,0
ID_031353,0
ID_031354,0
ID_031355,0
ID_031356,0
ID_031357,0
ID_031358,0
ID_031359,0
ID_031360,0
ID_031361,0
ID_031362,0
ID_031363,0
ID_031364,0
ID_031365,0
ID_031366,0
ID_031367,0
ID_031368,0
ID_031369,0
ID_031370,0
ID_031371,0
ID_031372,0
ID_031373,0
ID_031374,0
ID_031375,0
ID_031376,0
ID_031377,0
ID_031378,0
ID_031379,0
ID_031380,0
ID_031381,0
ID_031382,0
ID_031383,0
ID_031384,0
ID_031385,0
ID_031386,0
ID_031387,0
ID_031388,0
ID_031389,0
ID_031390,0
ID_031391,0
ID_031392,0
ID_031393,0
ID_031394,0
ID_031395,0
ID_031396,0
ID_031397,0
ID_031398,0
ID_031399,0
ID_031400,0
ID_031401,0
ID_031402,0
ID_031403,0
ID_031404,0
ID_031405,0
ID_031406,0
ID_031407,0
ID_031408,0
ID_031409,0
ID_031410,0
ID_031411,0
ID_031412,0
ID_031413,0
ID_031414,0
ID_031415,0
ID_031416,0
ID_031417,0
ID_031418,0
ID_031419,0
ID_031420,0
ID_031421,0
ID_031422,0
ID_031423,0
ID_031424,0
ID_031425,0
ID_031426,0
ID_031427,0
ID_031428,0
ID_031429,0
ID_031430,0
ID_031431,0
ID_031432,0
ID_031433,0
ID_031434,0
ID_031435,0
ID_031436,0
ID_031437,0
ID_031438,0
ID_031439,0
ID_031440,0
ID_031441,0
ID_031442,0
ID_031443,0
ID_031444,0
ID_031445,0
ID_031446,0
ID_031447,0
ID_031448,0
ID_031449,0
ID_031450,0
ID_031451,0
ID_031452,0
ID_031453,0
ID_031454,0
ID_031455,0
ID_031456,0
ID_031457,0
ID_031458,0
ID_031459,0
ID_031460,0
ID_031461,0
ID_031462,0
ID_031463,0
ID_031464,0
ID_031465,0
ID_031466,0
ID_031467,0
ID_031468,0
ID_031469,0
ID_031470,0
ID_031471,0
ID_031472,0
ID_031473,0
ID_031474,0
ID_031475,0
ID_031476,0
ID_031477,0
ID_031478,0
ID_031479,0
ID_031480,0
ID_031481,0
ID_031482,0
ID_031483,0
ID_031484,0
ID_031485,0
ID_031486,0
ID_031487,0
ID_031488,0
ID_031489,0
ID_031490,0
ID_031491,0
ID_031492,0
ID_031493,0
ID_031494,0
ID_031495,0
ID_031496,0
ID_031497,0
ID_031498,0
ID_031499,0
ID_031500,0
ID_031501,0
ID_031502,0
ID_031503,0
ID_031504,0
ID_031505,0
ID_031506,0
ID_031507,0
ID_031508,0
ID_031509,0
ID_031510,0
ID_031511,0
ID_031512,0
ID_031513,0
ID_031514,0
ID_031515,0
ID_031516,0
ID_031517,0
ID_031518,0
ID_031519,0
ID_031520,0
ID_031521,0
ID_031522,0
ID_031523,0
ID_031524,0
ID_031525,0
ID_031526,0
ID_031527,0
ID_031528,0
ID_031529,0
ID_031530,0
ID_031531,0
ID_031532,0
ID_031533,0
ID_031534,0
ID_031535,0
ID_031536,0
ID_031537,0
ID_031538,0
ID_031539,0
ID_031540,0
ID_031541,0
ID_031542,0
ID_031543,0
ID_031544,0
ID_031545,0
ID_031546,0
ID_031547,0
ID_031548,0
ID_031549,0
ID_031550,0
ID_031551,0
ID_031552,0
ID_031553,0
ID_031554,0
ID_031555,0
ID_031556,0
ID_031557,0
ID_031558,0
ID_031559,0
ID_031560,0
ID_031561,0
ID_031562,0
ID_031563,0
ID_031564,0
ID_031565,0
ID_031566,0
ID_031567,0
ID_031568,0
ID_031569,0
ID_031570,0
ID_031571,0
ID_031572,0
ID_031573,0
ID_031574,0
ID_031575,0
ID_031576,0
ID_031577,0
ID_031578,0
ID_031579,0
ID_031580,0
ID_031581,0
ID_031582,0
ID_031583,0
ID_031584,0
ID_031585,0
ID_031586,0
ID_031587,0
ID_031588,0
ID_031589,0
ID_031590,0
ID_031591,0
ID_031592,0
ID_031593,0
ID_031594,0
ID_031595,0
ID_031596,0
ID_031597,0
ID_031598,0
ID_031599,0
ID_031600,0
ID_031601,0
ID_031602,0
ID_031603,0
ID_031604,0
ID_031605,0
ID_031606,0
ID_031607,0
ID_031608,0
ID_031609,0
ID_031610,0
ID_031611,0
ID_031612,0
ID_031613,0
ID_031614,0
ID_031615,0
ID_031616,0
ID_031617,0
ID_031618,0
ID_031619,0
ID_031620,0
ID_031621,0
ID_031622,0
ID_031623,0
ID_031624,0
ID_031625,0
ID_031626,0
ID_031627,0
ID_031628,0
ID_031629,0
ID_031630,0
ID_031631,0
ID_031632,0
ID_031633,0
ID_031634,0
ID_031635,0
ID_031636,0
ID_031637,0
ID_031638,0
ID_031639,0
ID_031640,0
ID_031641,0
ID_031642,0
ID_031643,0
ID_031644,0
ID_031645,0
ID_031646,0
ID_031647,0
ID_031648,0
ID_031649,0
ID_031650,0
ID_031651,0
ID_031652,0
ID_031653,0
ID_031654,0
ID_031655,0
ID_031656,0
ID_031657,0
ID_031658,0
ID_031659,0
ID_031660,0
ID_031661,0
ID_031662,0
ID_031663,0
ID_031664,0
ID_031665,0
ID_031666,0
ID_031667,0
ID_031668,0
ID_031669,0
ID_031670,0
ID_031671,0
ID_031672,0
ID_031673,0
ID_031674,0
ID_031675,0
ID_031676,0
ID_031677,0
ID_031678,0
ID_031679,0
ID_031680,0
ID_031681,0
ID_031682,0
ID_031683,0
ID_031684,0
ID_031685,0
ID_031686,0
ID_031687,0
ID_031688,0
ID_031689,0
ID_031690,0
ID_031691,0
ID_031692,0
ID_031693,0
ID_031694,0
ID_031695,0
ID_031696,0
ID_031697,0
ID_031698,0
ID_031699,0
ID_031700,0
ID_031701,0
ID_031702,0
ID_031703,0
ID_031704,0
ID_031705,0
ID_031706,0
ID_031707,0
ID_031708,0
ID_031709,0
ID_031710,0
ID_031711,0
ID_031712,0
ID_031713,0
ID_031714,0
ID_031715,0
ID_031716,0
ID_031717,0
ID_031718,0
ID_031719,0
ID_031720,0
ID_031721,0
ID_031722,0
ID_031723,0
ID_031724,0
ID_031725,0
ID_031726,0
ID_031727,0
ID_031728,0
ID_031729,0
ID_031730,0
ID_031731,0
ID_031732,0
ID_031733,0
ID_031734,0
ID_031735,0
ID_031736,0
ID_031737,0
ID_031738,0
ID_031739,0
ID_031740,0
ID_031741,0
ID_031742,0
ID_031743,0
ID_031744,0
ID_031745,0
ID_031746,0
ID_031747,0
ID_031748,0
ID_031749,0
ID_031750,0
ID_031751,0
ID_031752,0
ID_031753,0
ID_031754,0
ID_031755,0
ID_031756,0
ID_031757,0
ID_031758,0
ID_031759,0
ID_031760,0
ID_031761,0
ID_031762,0
ID_031763,0
ID_031764,0
ID_031765,0
ID_031766,0
ID_031767,0
ID_031768,0
ID_031769,0
ID_031770,0
ID_031771,0
ID_031772,0
ID_031773,0
ID_031774,0
ID_031775,0
ID_031776,0
ID_031777,0
ID_031778,0
ID_031779,0
ID_031780,0
ID_031781,0
ID_031782,0
ID_031783,0
ID_031784,0
ID_031785,0
ID_031786,0
ID_031787,0
ID_031788,0
ID_031789,0
ID_031790,0
ID_031791,0
ID_031792,0
ID_031793,0
ID_031794,0
ID_031795,0
ID_031796,0
ID_031797,0
ID_031798,0
ID_031799,0
ID_031800,0
ID_031801,0
ID_031802,0
ID_031803,0
ID_031804,0
ID_031805,0
ID_031806,0
ID_031807,0
ID_031808,0
ID_031809,0
ID_031810,0
ID_031811,0
ID_031812,0
ID_031813,0
ID_031814,0
ID_031815,0
ID_031816,0
ID_031817,0
ID_031818,0
ID_031819,0
ID_031820,0
ID_031821,0
ID_031822,0
ID_031823,0
ID_031824,0
ID_031825,0
ID_031826,0
ID_031827,0
ID_031828,0
ID_031829,0
ID_031830,0
ID_031831,0
ID_031832,0
ID_031833,0
ID_031834,0
ID_031835,0
ID_031836,0
ID_031837,0
ID_031838,0
ID_031839,0
ID_031840,0
ID_031841,0
ID_031842,0
ID_031843,0
ID_031844,0
ID_031845,0
ID_031846,0
ID_031847,0
ID_031848,0
ID_031849,0
ID_031850,0
ID_031851,0
ID_031852,0
ID_031853,0
ID_031854,0
ID_031855,0
ID_031856,0
ID_031857,0
ID_031858,0
ID_031859,0
ID_031860,0
ID_031861,0
ID_031862,0
ID_031863,0
ID_031864,0
ID_031865,0
ID_031866,0
ID_031867,0
ID_031868,0
ID_031869,0
ID_031870,0
ID_031871,0
ID_031872,0
ID_031873,0
ID_031874,0
ID_031875,0
ID_031876,0
ID_031877,0
ID_031878,0
ID_031879,0
ID_031880,0
ID_031881,0
ID_031882,0
ID_031883,0
ID_031884,0
ID_031885,0
ID_031886,0
ID_031887,0
ID_031888,0
ID_031889,0
ID_031890,0
ID_031891,0
ID_031892,0
ID_031893,0
ID_031894,0
ID_031895,0
ID_031896,0
ID_031897,0
ID_031898,0
ID_031899,0
ID_031900,0
ID_031901,0
ID_031902,0
ID_031903,0
ID_031904,0
ID_031905,0
ID_031906,0
ID_031907,0
ID_031908,0
ID_031909,0
ID_031910,0
ID_031911,0
ID_031912,0
ID_031913,0
ID_031914,0
ID_031915,0
ID_031916,0
ID_031917,0
ID_031918,0
ID_031919,0
ID_031920,0
ID_031921,0
ID_031922,0
ID_031923,0
ID_031924,0
ID_031925,0
ID_031926,0
ID_031927,0
ID_031928,0
ID_031929,0
ID_031930,0
ID_031931,0
ID_031932,0
ID_031933,0
ID_031934,0
ID_031935,0
ID_031936,0
ID_031937,0
ID_031938,0
ID_031939,0
ID_031940,0
ID_031941,0
ID_031942,0
ID_031943,0
ID_031944,0
ID_031945,0
ID_031946,0
ID_031947,0
ID_031948,0
ID_031949,0
ID_031950,0
ID_031951,0
ID_031952,0
ID_031953,0
ID_031954,0
ID_031955,0
ID_031956,0
ID_031957,0
ID_031958,0
ID_031959,0
ID_031960,0
ID_031961,0
ID_031962,0
ID_031963,0
ID_031964,0
ID_031965,0
ID_031966,0
ID_031967,0
ID_031968,0
ID_031969,0
ID_031970,0
ID_031971,0
ID_031972,0
ID_031973,0
ID_031974,0
ID_031975,0
ID_031976,0
ID_031977,0
ID_031978,0
ID_031979,0
ID_031980,0
ID_031981,0
ID_031982,0
ID_031983,0
ID_031984,0
ID_031985,0
ID_031986,0
ID_031987,0
ID_031988,0
ID_031989,0
ID_031990,0
ID_031991,0
ID_031992,0
ID_031993,0
ID_031994,0
ID_031995,0
ID_031996,0
ID_031997,0
ID_031998,0
ID_031999,0
ID_032000,0
ID_032001,0
ID_032002,0
ID_032003,0
ID_032004,0
ID_032005,0
ID_032006,0
ID_032007,0
ID_032008,0
ID_032009,0
ID_032010,0
ID_032011,0
ID_032012,0
ID_032013,0
ID_032014,0
ID_032015,0
ID_032016,0
ID_032017,0
ID_032018,0
ID_032019,0
ID_032020,0
ID_032021,0
ID_032022,0
ID_032023,0
ID_032024,0
ID_032025,0
ID_032026,0
ID_032027,0
ID_032028,0
ID_032029,0
ID_032030,0
ID_032031,0
ID_032032,0
ID_032033,0
ID_032034,0
ID_032035,0
ID_032036,0
ID_032037,0
ID_032038,0
ID_032039,0
ID_032040,0
ID_032041,0
ID_032042,0
ID_032043,0
ID_032044,0
ID_032045,0
ID_032046,0
ID_032047,0
ID_032048,0
ID_032049,0
ID_032050,0
ID_032051,0
ID_032052,0
ID_032053,0
ID_032054,0
ID_032055,0
ID_032056,0
ID_032057,0
ID_032058,0
ID_032059,0
ID_032060,0
ID_032061,0
ID_032062,0
ID_032063,0
ID_032064,0
ID_032065,0
ID_032066,0
ID_032067,0
ID_032068,0
ID_032069,0
ID_032070,0
ID_032071,0
ID_032072,0
ID_032073,0
ID_032074,0
ID_032075,0
ID_032076,0
ID_032077,0
ID_032078,0
ID_032079,0
ID_032080,0
ID_032081,0
ID_032082,0
ID_032083,0
ID_032084,0
ID_032085,0
ID_032086,0
ID_032087,0
ID_032088,0
ID_032089,0
ID_032090,0
ID_032091,0
ID_032092,0
ID_032093,0
ID_032094,0
ID_032095,0
ID_032096,0
ID_032097,0
ID_032098,0
ID_032099,0
ID_032100,0
ID_032101,0
ID_032102,0
ID_032103,0
ID_032104,0
ID_032105,0
ID_032106,0
ID_032107,0
ID_032108,0
ID_032109,0
ID_032110,0
ID_032111,0
ID_032112,0
ID_032113,0
ID_032114,0
ID_032115,0
ID_032116,0
ID_032117,0
ID_032118,0
ID_032119,0
ID_032120,0
ID_032121,0
ID_032122,0
ID_032123,0
ID_032124,0
ID_032125,0
ID_032126,0
ID_032127,0
ID_032128,0
ID_032129,0
ID_032130,0
ID_032131,0
ID_032132,0
ID_032133,0
ID_032134,0
ID_032135,0
ID_032136,0
ID_032137,0
ID_032138,0
ID_032139,0
ID_032140,0
ID_032141,0
ID_032142,0
ID_032143,0
ID_032144,0
ID_032145,0
ID_032146,0
ID_032147,0
ID_032148,0
ID_032149,0
ID_032150,0
ID_032151,0
ID_032152,0
ID_032153,0
ID_032154,0
ID_032155,0
ID_032156,0
ID_032157,0
ID_032158,0
ID_032159,0
ID_032160,0
ID_032161,0
ID_032162,0
ID_032163,0
ID_032164,0
ID_032165,0
ID_032166,0
ID_032167,0
ID_032168,0
ID_032169,0
ID_032170,0
ID_032171,0
ID_032172,0
ID_032173,0
ID_032174,0
ID_032175,0
ID_032176,0
ID_032177,0
ID_032178,0
ID_032179,0
ID_032180,0
ID_032181,0
ID_032182,0
ID_032183,0
ID_032184,0
ID_032185,0
ID_032186,0
ID_032187,0
ID_032188,0
ID_032189,0
ID_032190,0
ID_032191,0
ID_032192,0
ID_032193,0
ID_032194,0
ID_032195,0
ID_032196,0
ID_032197,0
ID_032198,0
ID_032199,0
ID_032200,0
ID_032201,0
ID_032202,0
ID_032203,0
ID_032204,0
ID_032205,0
ID_032206,0
ID_032207,0
ID_032208,0
ID_032209,0
ID_032210,0
ID_032211,0
ID_032212,0
ID_032213,0
ID_032214,0
ID_032215,0
ID_032216,0
ID_032217,0
ID_032218,0
ID_032219,0
ID_032220,0
ID_032221,0
ID_032222,0
ID_032223,0
ID_032224,0
ID_032225,0
ID_032226,0
ID_032227,0
ID_032228,0
ID_032229,0
ID_032230,0
ID_032231,0
ID_032232,0
ID_032233,0
ID_032234,0
ID_032235,0
ID_032236,0
ID_032237,0
ID_032238,0
ID_032239,0
ID_032240,0
ID_032241,0
ID_032242,0
ID_032243,0
ID_032244,0
ID_032245,0
ID_032246,0
ID_032247,0
ID_032248,0
ID_032249,0
ID_032250,0
ID_032251,0
ID_032252,0
ID_032253,0
ID_032254,0
ID_032255,0
ID_032256,0
ID_032257,0
ID_032258,0
ID_032259,0
ID_032260,0
ID_032261,0
ID_032262,0
ID_032263,0
ID_032264,0
ID_032265,0
ID_032266,0
ID_032267,0
ID_032268,0
ID_032269,0
ID_032270,0
ID_032271,0
ID_032272,0
ID_032273,0
ID_032274,0
ID_032275,0
ID_032276,0
ID_032277,0
ID_032278,0
ID_032279,0
ID_032280,0
ID_032281,0
ID_032282,0
ID_032283,0
ID_032284,0
ID_032285,0
ID_032286,0
ID_032287,0
ID_032288,0
ID_032289,0
ID_032290,0
ID_032291,0
ID_032292,0
ID_032293,0
ID_032294,0
ID_032295,0
ID_032296,0
ID_032297,0
ID_032298,0
ID_032299,0
ID_032300,0
ID_032301,0
ID_032302,0
ID_032303,0
ID_032304,0
ID_032305,0
ID_032306,0
ID_032307,0
ID_032308,0
ID_032309,0
ID_032310,0
ID_032311,0
ID_032312,0
ID_032313,0
ID_032314,0
ID_032315,0
ID_032316,0
ID_032317,0
ID_032318,0
ID_032319,0
ID_032320,0
ID_032321,0
ID_032322,0
ID_032323,0
ID_032324,0
ID_032325,0
ID_032326,0
ID_032327,0
ID_032328,0
ID_032329,0
ID_032330,0
ID_032331,0
ID_032332,0
ID_032333,0
ID_032334,0
ID_032335,0
ID_032336,0
ID_032337,0
ID_032338,0
ID_032339,0
ID_032340,0
ID_032341,0
ID_032342,0
ID_032343,0
ID_032344,0
ID_032345,0
ID_032346,0
ID_032347,0
ID_032348,0
ID_032349,0
ID_032350,0
ID_032351,0
ID_032352,0
ID_032353,0
ID_032354,0
ID_032355,0
ID_032356,0
ID_032357,0
ID_032358,0
ID_032359,0
ID_032360,0
ID_032361,0
ID_032362,0
ID_032363,0
ID_032364,0
ID_032365,0
ID_032366,0
ID_032367,0
ID_032368,0
ID_032369,0
ID_032370,0
ID_032371,0
ID_032372,0
ID_032373,0
ID_032374,0
ID_032375,0
ID_032376,0
ID_032377,0
ID_032378,0
ID_032379,0
ID_032380,0
ID_032381,0
ID_032382,0
ID_032383,0
ID_032384,0
ID_032385,0
ID_032386,0
ID_032387,0
ID_032388,0
ID_032389,0
ID_032390,0
ID_032391,0
ID_032392,0
ID_032393,0
ID_032394,0
ID_032395,0
ID_032396,0
ID_032397,0
ID_032398,0
ID_032399,0
ID_032400,0
ID_032401,0
ID_032402,0
ID_032403,0
ID_032404,0
ID_032405,0
ID_032406,0
ID_032407,0
ID_032408,0
ID_032409,0
ID_032410,0
ID_032411,0
ID_032412,0
ID_032413,0
ID_032414,0
ID_032415,0
ID_032416,0
ID_032417,0
ID_032418,0
ID_032419,0
ID_032420,0
ID_032421,0
ID_032422,0
ID_032423,0
ID_032424,0
ID_032425,0
ID_032426,0
ID_032427,0
ID_032428,0
ID_032429,0
ID_032430,0
ID_032431,0
ID_032432,0
ID_032433,0
ID_032434,0
ID_032435,0
ID_032436,0
ID_032437,0
ID_032438,0
ID_032439,0
ID_032440,0
ID_032441,0
ID_032442,0
ID_032443,0
ID_032444,0
ID_032445,0
ID_032446,0
ID_032447,0
ID_032448,0
ID_032449,0
ID_032450,0
ID_032451,0
ID_032452,0
ID_032453,0
ID_032454,0
ID_032455,0
ID_032456,0
ID_032457,0
ID_032458,0
ID_032459,0
ID_032460,0
ID_032461,0
ID_032462,0
ID_032463,0
ID_032464,0
ID_032465,0
ID_032466,0
ID_032467,0
ID_032468,0
ID_032469,0
ID_032470,0
ID_032471,0
ID_032472,0
ID_032473,0
ID_032474,0
ID_032475,0
ID_032476,0
ID_032477,0
ID_032478,0
ID_032479,0
ID_032480,0
ID_032481,0
ID_032482,0
ID_032483,0
ID_032484,0
ID_032485,0
ID_032486,0
ID_032487,0
ID_032488,0
ID_032489,0
ID_032490,0
ID_032491,0
ID_032492,0
ID_032493,0
ID_032494,0
ID_032495,0
ID_032496,0
ID_032497,0
ID_032498,0
ID_032499,0
ID_032500,0
ID_032501,0
ID_032502,0
ID_032503,0
ID_032504,0
ID_032505,0
ID_032506,0
ID_032507,0
ID_032508,0
ID_032509,0
ID_032510,0
ID_032511,0
ID_032512,0
ID_032513,0
ID_032514,0
ID_032515,0
ID_032516,0
ID_032517,0
ID_032518,0
ID_032519,0
ID_032520,0
ID_032521,0
ID_032522,0
ID_032523,0
ID_032524,0
ID_032525,0
ID_032526,0
ID_032527,0
ID_032528,0
ID_032529,0
ID_032530,0
ID_032531,0
ID_032532,0
ID_032533,0
ID_032534,0
ID_032535,0
ID_032536,0
ID_032537,0
ID_032538,0
ID_032539,0
ID_032540,0
ID_032541,0
ID_032542,0
ID_032543,0
ID_032544,0
ID_032545,0
ID_032546,0
ID_032547,0
ID_032548,0
ID_032549,0
ID_032550,0
ID_032551,0
ID_032552,0
ID_032553,0
ID_032554,0
ID_032555,0
ID_032556,0
ID_032557,0
ID_032558,0
ID_032559,0
ID_032560,0
ID_032561,0
ID_032562,0
ID_032563,0
ID_032564,0
ID_032565,0
ID_032566,0
ID_032567,0
ID_032568,0
ID_032569,0
ID_032570,0
ID_032571,0
ID_032572,0
ID_032573,0
ID_032574,0
ID_032575,0
ID_032576,0
ID_032577,0
ID_032578,0
ID_032579,0
ID_032580,0
ID_032581,0
ID_032582,0
ID_032583,0
ID_032584,0
ID_032585,0
ID_032586,0
ID_032587,0
ID_032588,0
ID_032589,0
ID_032590,0
ID_032591,0
ID_032592,0
ID_032593,0
ID_032594,0
ID_032595,0
ID_032596,0
ID_032597,0
ID_032598,0
ID_032599,0
ID_032600,0
ID_032601,0
ID_032602,0
ID_032603,0
ID_032604,0
ID_032605,0
ID_032606,0
ID_032607,0
ID_032608,0
ID_032609,0
ID_032610,0
ID_032611,0
ID_032612,0
ID_032613,0
ID_032614,0
ID_032615,0
ID_032616,0
ID_032617,0
ID_032618,0
ID_032619,0
ID_032620,0
ID_032621,0
ID_032622,0
ID_032623,0
ID_032624,0
ID_032625,0
ID_032626,0
ID_032627,0
ID_032628,0
ID_032629,0
ID_032630,0
ID_032631,0
ID_032632,0
ID_032633,0
ID_032634,0
ID_032635,0
ID_032636,0
ID_032637,0
ID_032638,0
ID_032639,0
ID_032640,0
ID_032641,0
ID_032642,0
ID_032643,0
ID_032644,0
ID_032645,0
ID_032646,0
ID_032647,0
ID_032648,0
ID_032649,0
ID_032650,0
ID_032651,0
ID_032652,0
ID_032653,0
ID_032654,0
ID_032655,0
ID_032656,0
ID_032657,0
ID_032658,0
ID_032659,0
ID_032660,0
ID_032661,0
ID_032662,0
ID_032663,0
ID_032664,0
ID_032665,0
ID_032666,0
ID_032667,0
ID_032668,0
ID_032669,0
ID_032670,0
ID_032671,0
ID_032672,0
ID_032673,0
ID_032674,0
ID_032675,0
ID_032676,0
ID_032677,0
ID_032678,0
ID_032679,0
ID_032680,0
ID_032681,0
ID_032682,0
ID_032683,0
ID_032684,0
ID_032685,0
ID_032686,0
ID_032687,0
ID_032688,0
ID_032689,0
ID_032690,0
ID_032691,0
ID_032692,0
ID_032693,0
ID_032694,0
ID_032695,0
ID_032696,0
ID_032697,0
ID_032698,0
ID_032699,0
ID_032700,0
ID_032701,0
ID_032702,0
ID_032703,0
ID_032704,0
ID_032705,0
ID_032706,0
ID_032707,0
ID_032708,0
ID_032709,0
ID_032710,0
ID_032711,0
ID_032712,0
ID_032713,0
ID_032714,0
ID_032715,0
ID_032716,0
ID_032717,0
ID_032718,0
ID_032719,0
ID_032720,0
ID_032721,0
ID_032722,0
ID_032723,0
ID_032724,0
ID_032725,0
ID_032726,0
ID_032727,0
ID_032728,0
ID_032729,0
ID_032730,0
ID_032731,0
ID_032732,0
ID_032733,0
ID_032734,0
ID_032735,0
ID_032736,0
ID_032737,0
ID_032738,0
ID_032739,0
ID_032740,0
ID_032741,0
ID_032742,0
ID_032743,0
ID_032744,0
ID_032745,0
ID_032746,0
ID_032747,0
ID_032748,0
ID_032749,0
ID_032750,0
ID_032751,0
ID_032752,0
ID_032753,0
ID_032754,0
ID_032755,0
ID_032756,0
ID_032757,0
ID_032758,0
ID_032759,0
ID_032760,0
ID_032761,0
ID_032762,0
ID_032763,0
ID_032764,0
ID_032765,0
ID_032766,0
ID_032767,0
ID_032768,0
ID_032769,0
ID_032770,0
ID_032771,0
ID_032772,0
ID_032773,0
ID_032774,0
ID_032775,0
ID_032776,0
ID_032777,0
ID_032778,0
ID_032779,0
ID_032780,0
ID_032781,0
ID_032782,0
ID_032783,0
ID_032784,0
ID_032785,0
ID_032786,0
ID_032787,0
ID_032788,0
ID_032789,0
ID_032790,0
ID_032791,0
ID_032792,0
ID_032793,0
ID_032794,0
ID_032795,0
ID_032796,0
ID_032797,0
ID_032798,0
ID_032799,0
ID_032800,0
ID_032801,0
ID_032802,0
ID_032803,0
ID_032804,0
ID_032805,0
ID_032806,0
ID_032807,0
ID_032808,0
ID_032809,0
ID_032810,0
ID_032811,0
ID_032812,0
ID_032813,0
ID_032814,0
ID_032815,0
ID_032816,0
ID_032817,0
ID_032818,0
ID_032819,0
ID_032820,0
ID_032821,0
ID_032822,0
ID_032823,0
ID_032824,0
ID_032825,0
ID_032826,0
ID_032827,0
ID_032828,0
ID_032829,0
ID_032830,0
ID_032831,0
ID_032832,0
ID_032833,0
ID_032834,0
ID_032835,0
ID_032836,0
ID_032837,0
ID_032838,0
ID_032839,0
ID_032840,0
ID_032841,0
ID_032842,0
ID_032843,0
ID_032844,0
ID_032845,0
ID_032846,0
ID_032847,0
ID_032848,0
ID_032849,0
ID_032850,0
ID_032851,0
ID_032852,0
ID_032853,0
ID_032854,0
ID_032855,0
ID_032856,0
ID_032857,0
ID_032858,0
ID_032859,0
ID_032860,0
ID_032861,0
ID_032862,0
ID_032863,0
ID_032864,0
ID_032865,0
ID_032866,0
ID_032867,0
ID_032868,0
ID_032869,0
ID_032870,0
ID_032871,0
ID_032872,0
ID_032873,0
ID_032874,0
ID_032875,0
ID_032876,0
ID_032877,0
ID_032878,0
ID_032879,0
ID_032880,0
ID_032881,0
ID_032882,0
ID_032883,0
ID_032884,0
ID_032885,0
ID_032886,0
ID_032887,0
ID_032888,0
ID_032889,0
ID_032890,0
ID_032891,0
ID_032892,0
ID_032893,0
ID_032894,0
ID_032895,0
ID_032896,0
ID_032897,0
ID_032898,0
ID_032899,0
ID_032900,0
ID_032901,0
ID_032902,0
ID_032903,0
ID_032904,0
ID_032905,0
ID_032906,0
ID_032907,0
ID_032908,0
ID_032909,0
ID_032910,0
ID_032911,0
ID_032912,0
ID_032913,0
ID_032914,0
ID_032915,0
ID_032916,0
ID_032917,0
ID_032918,0
ID_032919,0
ID_032920,0
ID_032921,0
ID_032922,0
ID_032923,0
ID_032924,0
ID_032925,0
ID_032926,0
ID_032927,0
ID_032928,0
ID_032929,0
ID_032930,0
ID_032931,0
ID_032932,0
ID_032933,0
ID_032934,0
ID_032935,0
ID_032936,0
ID_032937,0
ID_032938,0
ID_032939,0
ID_032940,0
ID_032941,0
ID_032942,0
ID_032943,0
ID_032944,0
ID_032945,0
ID_032946,0
ID_032947,0
ID_032948,0
ID_032949,0
ID_032950,0
ID_032951,0
ID_032952,0
ID_032953,0
ID_032954,0
ID_032955,0
ID_032956,0
ID_032957,0
ID_032958,0
ID_032959,0
ID_032960,0
ID_032961,0
ID_032962,0
ID_032963,0
ID_032964,0
ID_032965,0
ID_032966,0
ID_032967,0
ID_032968,0
ID_032969,0
ID_032970,0
ID_032971,0
ID_032972,0
ID_032973,0
ID_032974,0
ID_032975,0
ID_032976,0
ID_032977,0
ID_032978,0
ID_032979,0
ID_032980,0
ID_032981,0
ID_032982,0
ID_032983,0
ID_032984,0
ID_032985,0
ID_032986,0
ID_032987,0
ID_032988,0
ID_032989,0
ID_032990,0
ID_032991,0
ID_032992,0
ID_032993,0
ID_032994,0
ID_032995,0
ID_032996,0
ID_032997,0
ID_032998,0
ID_032999,0
ID_033000,0
ID_033001,0
ID_033002,0
ID_033003,0
ID_033004,0
ID_033005,0
ID_033006,0
ID_033007,0
ID_033008,0
ID_033009,0
ID_033010,0
ID_033011,0
ID_033012,0
ID_033013,0
ID_033014,0
ID_033015,0
ID_033016,0
ID_033017,0
ID_033018,0
ID_033019,0
ID_033020,0
ID_033021,0
ID_033022,0
ID_033023,0
ID_033024,0
ID_033025,0
ID_033026,0
ID_033027,0
ID_033028,0
ID_033029,0
ID_033030,0
ID_033031,0
ID_033032,0
ID_033033,0
ID_033034,0
ID_033035,0
ID_033036,0
ID_033037,0
ID_033038,0
ID_033039,0
ID_033040,0
ID_033041,0
ID_033042,0
ID_033043,0
ID_033044,0
ID_033045,0
ID_033046,0
ID_033047,0
ID_033048,0
ID_033049,0
ID_033050,0
ID_033051,0
ID_033052,0
ID_033053,0
ID_033054,0
ID_033055,0
ID_033056,0
ID_033057,0
ID_033058,0
ID_033059,0
ID_033060,0
ID_033061,0
ID_033062,0
ID_033063,0
ID_033064,0
ID_033065,0
ID_033066,0
ID_033067,0
ID_033068,0
ID_033069,0
ID_033070,0
ID_033071,0
ID_033072,0
ID_033073,0
ID_033074,0
ID_033075,0
ID_033076,0
ID_033077,0
ID_033078,0
ID_033079,0
ID_033080,0
ID_033081,0
ID_033082,0
ID_033083,0
ID_033084,0
ID_033085,0
ID_033086,0
ID_033087,0
ID_033088,0
ID_033089,0
ID_033090,0
ID_033091,0
ID_033092,0
ID_033093,0
ID_033094,0
ID_033095,0
ID_033096,0
ID_033097,0
ID_033098,0
ID_033099,0
ID_033100,0
ID_033101,0
ID_033102,0
ID_033103,0
ID_033104,0
ID_033105,0
ID_033106,0
ID_033107,0
ID_033108,0
ID_033109,0
ID_033110,0
ID_033111,0
ID_033112,0
ID_033113,0
ID_033114,0
ID_033115,0
ID_033116,0
ID_033117,0
ID_033118,0
ID_033119,0
ID_033120,0
ID_033121,0
ID_033122,0
ID_033123,0
ID_033124,0
ID_033125,0
ID_033126,0
ID_033127,0
ID_033128,0
ID_033129,0
ID_033130,0
ID_033131,0
ID_033132,0
ID_033133,0
ID_033134,0
ID_033135,0
ID_033136,0
ID_033137,0
ID_033138,0
ID_033139,0
ID_033140,0
ID_033141,0
ID_033142,0
ID_033143,0
ID_033144,0
ID_033145,0
ID_033146,0
ID_033147,0
ID_033148,0
ID_033149,0
ID_033150,0
ID_033151,0
ID_033152,0
ID_033153,0
ID_033154,0
ID_033155,0
ID_033156,0
ID_033157,0
ID_033158,0
ID_033159,0
ID_033160,0
ID_033161,0
ID_033162,0
ID_033163,0
ID_033164,0
ID_033165,0
ID_033166,0
ID_033167,0
ID_033168,0
ID_033169,0
ID_033170,0
ID_033171,0
ID_033172,0
ID_033173,0
ID_033174,0
ID_033175,0
ID_033176,0
ID_033177,0
ID_033178,0
ID_033179,0
ID_033180,0
ID_033181,0
ID_033182,0
ID_033183,0
ID_033184,0
ID_033185,0
ID_033186,0
ID_033187,0
ID_033188,0
ID_033189,0
ID_033190,0
ID_033191,0
ID_033192,0
ID_033193,0
ID_033194,0
ID_033195,0
ID_033196,0
ID_033197,0
ID_033198,0
ID_033199,0
ID_033200,0
ID_033201,0
ID_033202,0
ID_033203,0
ID_033204,0
ID_033205,0
ID_033206,0
ID_033207,0
ID_033208,0
ID_033209,0
ID_033210,0
ID_033211,0
ID_033212,0
ID_033213,0
ID_033214,0
ID_033215,0
ID_033216,0
ID_033217,0
ID_033218,0
ID_033219,0
ID_033220,0
ID_033221,0
ID_033222,0
ID_033223,0
ID_033224,0
ID_033225,0
ID_033226,0
ID_033227,0
ID_033228,0
ID_033229,0
ID_033230,0
ID_033231,0
ID_033232,0
ID_033233,0
ID_033234,0
ID_033235,0
ID_033236,0
ID_033237,0
ID_033238,0
ID_033239,0
ID_033240,0
ID_033241,0
ID_033242,0
ID_033243,0
ID_033244,0
ID_033245,0
ID_033246,0
ID_033247,0
ID_033248,0
ID_033249,0
ID_033250,0
ID_033251,0
ID_033252,0
ID_033253,0
ID_033254,0
ID_033255,0
ID_033256,0
ID_033257,0
ID_033258,0
ID_033259,0
ID_033260,0
ID_033261,0
ID_033262,0
ID_033263,0
ID_033264,0
ID_033265,0
ID_033266,0
ID_033267,0
ID_033268,0
ID_033269,0
ID_033270,0
ID_033271,0
ID_033272,0
ID_033273,0
ID_033274,0
ID_033275,0
ID_033276,0
ID_033277,0
ID_033278,0
ID_033279,0
ID_033280,0
ID_033281,0
ID_033282,0
ID_033283,0
ID_033284,0
ID_033285,0
ID_033286,0
ID_033287,0
ID_033288,0
ID_033289,0
ID_033290,0
ID_033291,0
ID_033292,0
ID_033293,0
ID_033294,0
ID_033295,0
ID_033296,0
ID_033297,0
ID_033298,0
ID_033299,0
ID_033300,0
ID_033301,0
ID_033302,0
ID_033303,0
ID_033304,0
ID_033305,0
ID_033306,0
ID_033307,0
ID_033308,0
ID_033309,0
ID_033310,0
ID_033311,0
ID_033312,0
ID_033313,0
ID_033314,0
ID_033315,0
ID_033316,0
ID_033317,0
ID_033318,0
ID_033319,0
ID_033320,0
ID_033321,0
ID_033322,0
ID_033323,0
ID_033324,0
ID_033325,0
ID_033326,0
ID_033327,0
ID_033328,0
ID_033329,0
ID_033330,0
ID_033331,0
ID_033332,0
ID_033333,0
ID_033334,0
ID_033335,0
ID_033336,0
ID_033337,0
ID_033338,0
ID_033339,0
ID_033340,0
ID_033341,0
ID_033342,0
ID_033343,0
ID_033344,0
ID_033345,0
ID_033346,0
ID_033347,0
ID_033348,0
ID_033349,0
ID_033350,0
ID_033351,0
ID_033352,0
ID_033353,0
ID_033354,0
ID_033355,0
ID_033356,0
ID_033357,0
ID_033358,0
ID_033359,0
ID_033360,0
ID_033361,0
ID_033362,0
ID_033363,0
ID_033364,0
ID_033365,0
ID_033366,0
ID_033367,0
ID_033368,0
ID_033369,0
ID_033370,0
ID_033371,0
ID_033372,0
ID_033373,0
ID_033374,0
ID_033375,0
ID_033376,0
ID_033377,0
ID_033378,0
ID_033379,0
ID_033380,0
ID_033381,0
ID_033382,0
ID_033383,0
ID_033384,0
ID_033385,0
ID_033386,0
ID_033387,0
ID_033388,0
ID_033389,0
ID_033390,0
ID_033391,0
ID_033392,0
ID_033393,0
ID_033394,0
ID_033395,0
ID_033396,0
ID_033397,0
ID_033398,0
ID_033399,0
ID_033400,0
ID_033401,0
ID_033402,0
ID_033403,0
ID_033404,0
ID_033405,0
ID_033406,0
ID_033407,0
ID_033408,0
ID_033409,0
ID_033410,0
ID_033411,0
ID_033412,0
ID_033413,0
ID_033414,0
ID_033415,0
ID_033416,0
ID_033417,0
ID_033418,0
ID_033419,0
ID_033420,0
ID_033421,0
ID_033422,0
ID_033423,0
ID_033424,0
ID_033425,0
ID_033426,0
ID_033427,0
ID_033428,0
ID_033429,0
ID_033430,0
ID_033431,0
ID_033432,0
ID_033433,0
ID_033434,0
ID_033435,0
ID_033436,0
ID_033437,0
ID_033438,0
ID_033439,0
ID_033440,0
ID_033441,0
ID_033442,0
ID_033443,0
ID_033444,0
ID_033445,0
ID_033446,0
ID_033447,0
ID_033448,0
ID_033449,0
ID_033450,0
ID_033451,0
ID_033452,0
ID_033453,0
ID_033454,0
ID_033455,0
ID_033456,0
ID_033457,0
ID_033458,0
ID_033459,0
ID_033460,0
ID_033461,0
ID_033462,0
ID_033463,0
ID_033464,0
ID_033465,0
ID_033466,0
ID_033467,0
ID_033468,0
ID_033469,0
ID_033470,0
ID_033471,0
ID_033472,0
ID_033473,0
ID_033474,0
ID_033475,0
ID_033476,0
ID_033477,0
ID_033478,0
ID_033479,0
ID_033480,0
ID_033481,0
ID_033482,0
ID_033483,0
ID_033484,0
ID_033485,0
ID_033486,0
ID_033487,0
ID_033488,0
ID_033489,0
ID_033490,0
ID_033491,0
ID_033492,0
ID_033493,0
ID_033494,0
ID_033495,0
ID_033496,0
ID_033497,0
ID_033498,0
ID_033499,0
ID_033500,0
ID_033501,0
ID_033502,0
ID_033503,0
ID_033504,0
ID_033505,0
ID_033506,0
ID_033507,0
ID_033508,0
ID_033509,0
ID_033510,0
ID_033511,0
ID_033512,0
ID_033513,0
ID_033514,0
ID_033515,0
ID_033516,0
ID_033517,0
ID_033518,0
ID_033519,0
ID_033520,0
ID_033521,0
ID_033522,0
ID_033523,0
ID_033524,0
ID_033525,0
ID_033526,0
ID_033527,0
ID_033528,0
ID_033529,0
ID_033530,0
ID_033531,0
ID_033532,0
ID_033533,0
ID_033534,0
ID_033535,0
ID_033536,0
ID_033537,0
ID_033538,0
ID_033539,0
ID_033540,0
ID_033541,0
ID_033542,0
ID_033543,0
ID_033544,0
ID_033545,0
ID_033546,0
ID_033547,0
ID_033548,0
ID_033549,0
ID_033550,0
ID_033551,0
ID_033552,0
ID_033553,0
ID_033554,0
ID_033555,0
ID_033556,0
ID_033557,0
ID_033558,0
ID_033559,0
ID_033560,0
ID_033561,0
ID_033562,0
ID_033563,0
ID_033564,0
ID_033565,0
ID_033566,0
ID_033567,0
ID_033568,0
ID_033569,0
ID_033570,0
ID_033571,0
ID_033572,0
ID_033573,0
ID_033574,0
ID_033575,0
ID_033576,0
ID_033577,0
ID_033578,0
ID_033579,0
ID_033580,0
ID_033581,0
ID_033582,0
ID_033583,0
ID_033584,0
ID_033585,0
ID_033586,0
ID_033587,0
ID_033588,0
ID_033589,0
ID_033590,0
ID_033591,0
ID_033592,0
ID_033593,0
ID_033594,0
ID_033595,0
ID_033596,0
ID_033597,0
ID_033598,0
ID_033599,0
ID_033600,0
ID_033601,0
ID_033602,0
ID_033603,0
ID_033604,0
ID_033605,0
ID_033606,0
ID_033607,0
ID_033608,0
ID_033609,0
ID_033610,0
ID_033611,0
ID_033612,0
ID_033613,0
ID_033614,0
ID_033615,0
ID_033616,0
ID_033617,0
ID_033618,0
ID_033619,0
ID_033620,0
ID_033621,0
ID_033622,0
ID_033623,0
ID_033624,0
ID_033625,0
ID_033626,0
ID_033627,0
ID_033628,0
ID_033629,0
ID_033630,0
ID_033631,0
ID_033632,0
ID_033633,0
ID_033634,0
ID_033635,0
ID_033636,0
ID_033637,0
ID_033638,0
ID_033639,0
ID_033640,0
ID_033641,0
ID_033642,0
ID_033643,0
ID_033644,0
ID_033645,0
ID_033646,0
ID_033647,0
ID_033648,0
ID_033649,0
ID_033650,0
ID_033651,0
ID_033652,0
ID_033653,0
ID_033654,0
ID_033655,0
ID_033656,0
ID_033657,0
ID_033658,0
ID_033659,0
ID_033660,0
ID_033661,0
ID_033662,0
ID_033663,0
ID_033664,0
ID_033665,0
ID_033666,0
ID_033667,0
ID_033668,0
ID_033669,0
ID_033670,0
ID_033671,0
ID_033672,0
ID_033673,0
ID_033674,0
ID_033675,0
ID_033676,0
ID_033677,0
ID_033678,0
ID_033679,0
ID_033680,0
ID_033681,0
ID_033682,0
ID_033683,0
ID_033684,0
ID_033685,0
ID_033686,0
ID_033687,0
ID_033688,0
ID_033689,0
ID_033690,0
ID_033691,0
ID_033692,0
ID_033693,0
ID_033694,0
ID_033695,0
ID_033696,0
ID_033697,0
ID_033698,0
ID_033699,0
ID_033700,0
ID_033701,0
ID_033702,0
ID_033703,0
ID_033704,0
ID_033705,0
ID_033706,0
ID_033707,0
ID_033708,0
ID_033709,0
ID_033710,0
ID_033711,0
ID_033712,0
ID_033713,0
ID_033714,0
ID_033715,0
ID_033716,0
ID_033717,0
ID_033718,0
ID_033719,0
ID_033720,0
ID_033721,0
ID_033722,0
ID_033723,0
ID_033724,0
ID_033725,0
ID_033726,0
ID_033727,0
ID_033728,0
ID_033729,0
ID_033730,0
ID_033731,0
ID_033732,0
ID_033733,0
ID_033734,0
ID_033735,0
ID_033736,0
ID_033737,0
ID_033738,0
ID_033739,0
ID_033740,0
ID_033741,0
ID_033742,0
ID_033743,0
ID_033744,0
ID_033745,0
ID_033746,0
ID_033747,0
ID_033748,0
ID_033749,0
ID_033750,0
ID_033751,0
ID_033752,0
ID_033753,0
ID_033754,0
ID_033755,0
ID_033756,0
ID_033757,0
ID_033758,0
ID_033759,0
ID_033760,0
ID_033761,0
ID_033762,0
ID_033763,0
ID_033764,0
ID_033765,0
ID_033766,0
ID_033767,0
ID_033768,0
ID_033769,0
ID_033770,0
ID_033771,0
ID_033772,0
ID_033773,0
ID_033774,0
ID_033775,0
ID_033776,0
ID_033777,0
ID_033778,0
ID_033779,0
ID_033780,0
ID_033781,0
ID_033782,0
ID_033783,0
ID_033784,0
ID_033785,0
ID_033786,0
ID_033787,0
ID_033788,0
ID_033789,0
ID_033790,0
ID_033791,0
ID_033792,0
ID_033793,0
ID_033794,0
ID_033795,0
ID_033796,0
ID_033797,0
ID_033798,0
ID_033799,0
ID_033800,0
ID_033801,0
ID_033802,0
ID_033803,0
ID_033804,0
ID_033805,0
ID_033806,0
ID_033807,0
ID_033808,0
ID_033809,0
ID_033810,0
ID_033811,0
ID_033812,0
ID_033813,0
ID_033814,0
ID_033815,0
ID_033816,0
ID_033817,0
ID_033818,0
ID_033819,0
ID_033820,0
ID_033821,0
ID_033822,0
ID_033823,0
ID_033824,0
ID_033825,0
ID_033826,0
ID_033827,0
ID_033828,0
ID_033829,0
ID_033830,0
ID_033831,0
ID_033832,0
ID_033833,0
ID_033834,0
ID_033835,0
ID_033836,0
ID_033837,0
ID_033838,0
ID_033839,0
ID_033840,0
ID_033841,0
ID_033842,0
ID_033843,0
ID_033844,0
ID_033845,0
ID_033846,0
ID_033847,0
ID_033848,0
ID_033849,0
ID_033850,0
ID_033851,0
ID_033852,0
ID_033853,0
ID_033854,0
ID_033855,0
ID_033856,0
ID_033857,0
ID_033858,0
ID_033859,0
ID_033860,0
ID_033861,0
ID_033862,0
ID_033863,0
ID_033864,0
ID_033865,0
ID_033866,0
ID_033867,0
ID_033868,0
ID_033869,0
ID_033870,0
ID_033871,0
ID_033872,0
ID_033873,0
ID_033874,0
ID_033875,0
ID_033876,0
ID_033877,0
ID_033878,0
ID_033879,0
ID_033880,0
ID_033881,0
ID_033882,0
ID_033883,0
ID_033884,0
ID_033885,0
ID_033886,0
ID_033887,0
ID_033888,0
ID_033889,0
ID_033890,0
ID_033891,0
ID_033892,0
ID_033893,0
ID_033894,0
ID_033895,0
ID_033896,0
ID_033897,0
ID_033898,0
ID_033899,0
ID_033900,0
ID_033901,0
ID_033902,0
ID_033903,0
ID_033904,0
ID_033905,0
ID_033906,0
ID_033907,0
ID_033908,0
ID_033909,0
ID_033910,0
ID_033911,0
ID_033912,0
ID_033913,0
ID_033914,0
ID_033915,0
ID_033916,0
ID_033917,0
ID_033918,0
ID_033919,0
ID_033920,0
ID_033921,0
ID_033922,0
ID_033923,0
ID_033924,0
ID_033925,0
ID_033926,0
ID_033927,0
ID_033928,0
ID_033929,0
ID_033930,0
ID_033931,0
ID_033932,0
ID_033933,0
ID_033934,0
ID_033935,0
ID_033936,0
ID_033937,0
ID_033938,0
ID_033939,0
ID_033940,0
ID_033941,0
ID_033942,0
ID_033943,0
ID_033944,0
ID_033945,0
ID_033946,0
ID_033947,0
ID_033948,0
ID_033949,0
ID_033950,0
ID_033951,0
ID_033952,0
ID_033953,0
ID_033954,0
ID_033955,0
ID_033956,0
ID_033957,0
ID_033958,0
ID_033959,0
ID_033960,0
ID_033961,0
ID_033962,0
ID_033963,0
ID_033964,0
ID_033965,0
ID_033966,0
ID_033967,0
ID_033968,0
ID_033969,0
ID_033970,0
ID_033971,0
ID_033972,0
ID_033973,0
ID_033974,0
ID_033975,0
ID_033976,0
ID_033977,0
ID_033978,0
ID_033979,0
ID_033980,0
ID_033981,0
ID_033982,0
ID_033983,0
ID_033984,0
ID_033985,0
ID_033986,0
ID_033987,0
ID_033988,0
ID_033989,0
ID_033990,0
ID_033991,0
ID_033992,0
ID_033993,0
ID_033994,0
ID_033995,0
ID_033996,0
ID_033997,0
ID_033998,0
ID_033999,0
ID_034000,0
ID_034001,0
ID_034002,0
ID_034003,0
ID_034004,0
ID_034005,0
ID_034006,0
ID_034007,0
ID_034008,0
ID_034009,0
ID_034010,0
ID_034011,0
ID_034012,0
ID_034013,0
ID_034014,0
ID_034015,0
ID_034016,0
ID_034017,0
ID_034018,0
ID_034019,0
ID_034020,0
ID_034021,0
ID_034022,0
ID_034023,0
ID_034024,0
ID_034025,0
ID_034026,0
ID_034027,0
ID_034028,0
ID_034029,0
ID_034030,0
ID_034031,0
ID_034032,0
ID_034033,0
ID_034034,0
ID_034035,0
ID_034036,0
ID_034037,0
ID_034038,0
ID_034039,0
ID_034040,0
ID_034041,0
ID_034042,0
ID_034043,0
ID_034044,0
ID_034045,0
ID_034046,0
ID_034047,0
ID_034048,0
ID_034049,0
ID_034050,0
ID_034051,0
ID_034052,0
ID_034053,0
ID_034054,0
ID_034055,0
ID_034056,0
ID_034057,0
ID_034058,0
ID_034059,0
ID_034060,0
ID_034061,0
ID_034062,0
ID_034063,0
ID_034064,0
ID_034065,0
ID_034066,0
ID_034067,0
ID_034068,0
ID_034069,0
ID_034070,0
ID_034071,0
ID_034072,0
ID_034073,0
ID_034074,0
ID_034075,0
ID_034076,0
ID_034077,0
ID_034078,0
ID_034079,0
ID_034080,0
ID_034081,0
ID_034082,0
ID_034083,0
ID_034084,0
ID_034085,0
ID_034086,0
ID_034087,0
ID_034088,0
ID_034089,0
ID_034090,0
ID_034091,0
ID_034092,0
ID_034093,0
ID_034094,0
ID_034095,0
ID_034096,0
ID_034097,0
ID_034098,0
ID_034099,0
ID_034100,0
ID_034101,0
ID_034102,0
ID_034103,0
ID_034104,0
ID_034105,0
ID_034106,0
ID_034107,0
ID_034108,0
ID_034109,0
ID_034110,0
ID_034111,0
ID_034112,0
ID_034113,0
ID_034114,0
ID_034115,0
ID_034116,0
ID_034117,0
ID_034118,0
ID_034119,0
ID_034120,0
ID_034121,0
ID_034122,0
ID_034123,0
ID_034124,0
ID_034125,0
ID_034126,0
ID_034127,0
ID_034128,0
ID_034129,0
ID_034130,0
ID_034131,0
ID_034132,0
ID_034133,0
ID_034134,0
ID_034135,0
ID_034136,0
ID_034137,0
ID_034138,0
ID_034139,0
ID_034140,0
ID_034141,0
ID_034142,0
ID_034143,0
ID_034144,0
ID_034145,0
ID_034146,0
ID_034147,0
ID_034148,0
ID_034149,0
ID_034150,0
ID_034151,0
ID_034152,0
ID_034153,0
ID_034154,0
ID_034155,0
ID_034156,0
ID_034157,0
ID_034158,0
ID_034159,0
ID_034160,0
ID_034161,0
ID_034162,0
ID_034163,0
ID_034164,0
ID_034165,0
ID_034166,0
ID_034167,0
ID_034168,0
ID_034169,0
ID_034170,0
ID_034171,0
ID_034172,0
ID_034173,0
ID_034174,0
ID_034175,0
ID_034176,0
ID_034177,0
ID_034178,0
ID_034179,0
ID_034180,0
ID_034181,0
ID_034182,0
ID_034183,0
ID_034184,0
ID_034185,0
ID_034186,0
ID_034187,0
ID_034188,0
ID_034189,0
ID_034190,0
ID_034191,0
ID_034192,0
ID_034193,0
ID_034194,0
ID_034195,0
ID_034196,0
ID_034197,0
ID_034198,0
ID_034199,0
ID_034200,0
ID_034201,0
ID_034202,0
ID_034203,0
ID_034204,0
ID_034205,0
ID_034206,0
ID_034207,0
ID_034208,0
ID_034209,0
ID_034210,0
ID_034211,0
ID_034212,0
ID_034213,0
ID_034214,0
ID_034215,0
ID_034216,0
ID_034217,0
ID_034218,0
ID_034219,0
ID_034220,0
ID_034221,0
ID_034222,0
ID_034223,0
ID_034224,0
ID_034225,0
ID_034226,0
ID_034227,0
ID_034228,0
ID_034229,0
ID_034230,0
ID_034231,0
ID_034232,0
ID_034233,0
ID_034234,0
ID_034235,0
ID_034236,0
ID_034237,0
ID_034238,0
ID_034239,0
ID_034240,0
ID_034241,0
ID_034242,0
ID_034243,0
ID_034244,0
ID_034245,0
ID_034246,0
ID_034247,0
ID_034248,0
ID_034249,0
ID_034250,0
ID_034251,0
ID_034252,0
ID_034253,0
ID_034254,0
ID_034255,0
ID_034256,0
ID_034257,0
ID_034258,0
ID_034259,0
ID_034260,0
ID_034261,0
ID_034262,0
ID_034263,0
ID_034264,0
ID_034265,0
ID_034266,0
ID_034267,0
ID_034268,0
ID_034269,0
ID_034270,0
ID_034271,0
ID_034272,0
ID_034273,0
ID_034274,0
ID_034275,0
ID_034276,0
ID_034277,0
ID_034278,0
ID_034279,0
ID_034280,0
ID_034281,0
ID_034282,0
ID_034283,0
ID_034284,0
ID_034285,0
ID_034286,0
ID_034287,0
ID_034288,0
ID_034289,0
ID_034290,0
ID_034291,0
ID_034292,0
ID_034293,0
ID_034294,0
ID_034295,0
ID_034296,0
ID_034297,0
ID_034298,0
ID_034299,0
ID_034300,0
ID_034301,0
ID_034302,0
ID_034303,0
ID_034304,0
ID_034305,0
ID_034306,0
ID_034307,0
ID_034308,0
ID_034309,0
ID_034310,0
ID_034311,0
ID_034312,0
ID_034313,0
ID_034314,0
ID_034315,0
ID_034316,0
ID_034317,0
ID_034318,0
ID_034319,0
ID_034320,0
ID_034321,0
ID_034322,0
ID_034323,0
ID_034324,0
ID_034325,0
ID_034326,0
ID_034327,0
ID_034328,0
ID_034329,0
ID_034330,0
ID_034331,0
ID_034332,0
ID_034333,0
ID_034334,0
ID_034335,0
ID_034336,0
ID_034337,0
ID_034338,0
ID_034339,0
ID_034340,0
ID_034341,0
ID_034342,0
ID_034343,0
ID_034344,0
ID_034345,0
ID_034346,0
ID_034347,0
ID_034348,0
ID_034349,0
ID_034350,0
ID_034351,0
ID_034352,0
ID_034353,0
ID_034354,0
ID_034355,0
ID_034356,0
ID_034357,0
ID_034358,0
ID_034359,0
ID_034360,0
ID_034361,0
ID_034362,0
ID_034363,0
ID_034364,0
ID_034365,0
ID_034366,0
ID_034367,0
ID_034368,0
ID_034369,0
ID_034370,0
ID_034371,0
ID_034372,0
ID_034373,0
ID_034374,0
ID_034375,0
ID_034376,0
ID_034377,0
ID_034378,0
ID_034379,0
ID_034380,0
ID_034381,0
ID_034382,0
ID_034383,0
ID_034384,0
ID_034385,0
ID_034386,0
ID_034387,0
ID_034388,0
ID_034389,0
ID_034390,0
ID_034391,0
ID_034392,0
ID_034393,0
ID_034394,0
ID_034395,0
ID_034396,0
ID_034397,0
ID_034398,0
ID_034399,0
ID_034400,0
ID_034401,0
ID_034402,0
ID_034403,0
ID_034404,0
ID_034405,0
ID_034406,0
ID_034407,0
ID_034408,0
ID_034409,0
ID_034410,0
ID_034411,0
ID_034412,0
ID_034413,0
ID_034414,0
ID_034415,0
ID_034416,0
ID_034417,0
ID_034418,0
ID_034419,0
ID_034420,0
ID_034421,0
ID_034422,0
ID_034423,0
ID_034424,0
ID_034425,0
ID_034426,0
ID_034427,0
ID_034428,0
ID_034429,0
ID_034430,0
ID_034431,0
ID_034432,0
ID_034433,0
ID_034434,0
ID_034435,0
ID_034436,0
ID_034437,0
ID_034438,0
ID_034439,0
ID_034440,0
ID_034441,0
ID_034442,0
ID_034443,0
ID_034444,0
ID_034445,0
ID_034446,0
ID_034447,0
ID_034448,0
ID_034449,0
ID_034450,0
ID_034451,0
ID_034452,0
ID_034453,0
ID_034454,0
ID_034455,0
ID_034456,0
ID_034457,0
ID_034458,0
ID_034459,0
ID_034460,0
ID_034461,0
ID_034462,0
ID_034463,0
ID_034464,0
ID_034465,0
ID_034466,0
ID_034467,0
ID_034468,0
ID_034469,0
ID_034470,0
ID_034471,0
ID_034472,0
ID_034473,0
ID_034474,0
ID_034475,0
ID_034476,0
ID_034477,0
ID_034478,0
ID_034479,0
ID_034480,0
ID_034481,0
ID_034482,0
ID_034483,0
ID_034484,0
ID_034485,0
ID_034486,0
ID_034487,0
ID_034488,0
ID_034489,0
ID_034490,0
ID_034491,0
ID_034492,0
ID_034493,0
ID_034494,0
ID_034495,0
ID_034496,0
ID_034497,0
ID_034498,0
ID_034499,0
ID_034500,0
ID_034501,0
ID_034502,0
ID_034503,0
ID_034504,0
ID_034505,0
ID_034506,0
ID_034507,0
ID_034508,0
ID_034509,0
ID_034510,0
ID_034511,0
ID_034512,0
ID_034513,0
ID_034514,0
ID_034515,0
ID_034516,0
ID_034517,0
ID_034518,0
ID_034519,0
ID_034520,0
ID_034521,0
ID_034522,0
ID_034523,0
ID_034524,0
ID_034525,0
ID_034526,0
ID_034527,0
ID_034528,0
ID_034529,0
ID_034530,0
ID_034531,0
ID_034532,0
ID_034533,0
ID_034534,0
ID_034535,0
ID_034536,0
ID_034537,0
ID_034538,0
ID_034539,0
ID_034540,0
ID_034541,0
ID_034542,0
ID_034543,0
ID_034544,0
ID_034545,0
ID_034546,0
ID_034547,0
ID_034548,0
ID_034549,0
ID_034550,0
ID_034551,0
ID_034552,0
ID_034553,0
ID_034554,0
ID_034555,0
ID_034556,0
ID_034557,0
ID_034558,0
ID_034559,0
ID_034560,0
ID_034561,0
ID_034562,0
ID_034563,0
ID_034564,0
ID_034565,0
ID_034566,0
ID_034567,0
ID_034568,0
ID_034569,0
ID_034570,0
ID_034571,0
ID_034572,0
ID_034573,0
ID_034574,0
ID_034575,0
ID_034576,0
ID_034577,0
ID_034578,0
ID_034579,0
ID_034580,0
ID_034581,0
ID_034582,0
ID_034583,0
ID_034584,0
ID_034585,0
ID_034586,0
ID_034587,0
ID_034588,0
ID_034589,0
ID_034590,0
ID_034591,0
ID_034592,0
ID_034593,0
ID_034594,0
ID_034595,0
ID_034596,0
ID_034597,0
ID_034598,0
ID_034599,0
ID_034600,0
ID_034601,0
ID_034602,0
ID_034603,0
ID_034604,0
ID_034605,0
ID_034606,0
ID_034607,0
ID_034608,0
ID_034609,0
ID_034610,0
ID_034611,0
ID_034612,0
ID_034613,0
ID_034614,0
ID_034615,0
ID_034616,0
ID_034617,0
ID_034618,0
ID_034619,0
ID_034620,0
ID_034621,0
ID_034622,0
ID_034623,0
ID_034624,0
ID_034625,0
ID_034626,0
ID_034627,0
ID_034628,0
ID_034629,0
ID_034630,0
ID_034631,0
ID_034632,0
ID_034633,0
ID_034634,0
ID_034635,0
ID_034636,0
ID_034637,0
ID_034638,0
ID_034639,0
ID_034640,0
ID_034641,0
ID_034642,0
ID_034643,0
ID_034644,0
ID_034645,0
ID_034646,0
ID_034647,0
ID_034648,0
ID_034649,0
ID_034650,0
ID_034651,0
ID_034652,0
ID_034653,0
ID_034654,0
ID_034655,0
ID_034656,0
ID_034657,0
ID_034658,0
ID_034659,0
ID_034660,0
ID_034661,0
ID_034662,0
ID_034663,0
ID_034664,0
ID_034665,0
ID_034666,0
ID_034667,0
ID_034668,0
ID_034669,0
ID_034670,0
ID_034671,0
ID_034672,0
ID_034673,0
ID_034674,0
ID_034675,0
ID_034676,0
ID_034677,0
ID_034678,0
ID_034679,0
ID_034680,0
ID_034681,0
ID_034682,0
ID_034683,0
ID_034684,0
ID_034685,0
ID_034686,0
ID_034687,0
ID_034688,0
ID_034689,0
ID_034690,0
ID_034691,0
ID_034692,0
ID_034693,0
ID_034694,0
ID_034695,0
ID_034696,0
ID_034697,0
ID_034698,0
ID_034699,0
ID_034700,0
ID_034701,0
ID_034702,0
ID_034703,0
ID_034704,0
ID_034705,0
ID_034706,0
ID_034707,0
ID_034708,0
ID_034709,0
ID_034710,0
ID_034711,0
ID_034712,0
ID_034713,0
ID_034714,0
ID_034715,0
ID_034716,0
ID_034717,0
ID_034718,0
ID_034719,0
ID_034720,0
ID_034721,0
ID_034722,0
ID_034723,0
ID_034724,0
ID_034725,0
ID_034726,0
ID_034727,0
ID_034728,0
ID_034729,0
ID_034730,0
ID_034731,0
ID_034732,0
ID_034733,0
ID_034734,0
ID_034735,0
ID_034736,0
ID_034737,0
ID_034738,0
ID_034739,0
ID_034740,0
ID_034741,0
ID_034742,0
ID_034743,0
ID_034744,0
ID_034745,0
ID_034746,0
ID_034747,0
ID_034748,0
ID_034749,0
ID_034750,0
ID_034751,0
ID_034752,0
ID_034753,0
ID_034754,0
ID_034755,0
ID_034756,0
ID_034757,0
ID_034758,0
ID_034759,0
ID_034760,0
ID_034761,0
ID_034762,0
ID_034763,0
ID_034764,0
ID_034765,0
ID_034766,0
ID_034767,0
ID_034768,0
ID_034769,0
ID_034770,0
ID_034771,0
ID_034772,0
ID_034773,0
ID_034774,0
ID_034775,0
ID_034776,0
ID_034777,0
ID_034778,0
ID_034779,0
ID_034780,0
ID_034781,0
ID_034782,0
ID_034783,0
ID_034784,0
ID_034785,0
ID_034786,0
ID_034787,0
ID_034788,0
ID_034789,0
ID_034790,0
ID_034791,0
ID_034792,0
ID_034793,0
ID_034794,0
ID_034795,0
ID_034796,0
ID_034797,0
ID_034798,0
ID_034799,0
ID_034800,0
ID_034801,0
ID_034802,0
ID_034803,0
ID_034804,0
ID_034805,0
ID_034806,0
ID_034807,0
ID_034808,0
ID_034809,0
ID_034810,0
ID_034811,0
ID_034812,0
ID_034813,0
ID_034814,0
ID_034815,0
ID_034816,0
ID_034817,0
ID_034818,0
ID_034819,0
ID_034820,0
ID_034821,0
ID_034822,0
ID_034823,0
ID_034824,0
ID_034825,0
ID_034826,0
ID_034827,0
ID_034828,0
ID_034829,0
ID_034830,0
ID_034831,0
ID_034832,0
ID_034833,0
ID_034834,0
ID_034835,0
ID_034836,0
ID_034837,0
ID_034838,0
ID_034839,0
ID_034840,0
ID_034841,0
ID_034842,0
ID_034843,0
ID_034844,0
ID_034845,0
ID_034846,0
ID_034847,0
ID_034848,0
ID_034849,0
ID_034850,0
ID_034851,0
ID_034852,0
ID_034853,0
ID_034854,0
ID_034855,0
ID_034856,0
ID_034857,0
ID_034858,0
ID_034859,0
ID_034860,0
ID_034861,0
ID_034862,0
ID_034863,0
ID_034864,0
ID_034865,0
ID_034866,0
ID_034867,0
ID_034868,0
ID_034869,0
ID_034870,0
ID_034871,0
ID_034872,0
ID_034873,0
ID_034874,0
ID_034875,0
ID_034876,0
ID_034877,0
ID_034878,0
ID_034879,0
ID_034880,0
ID_034881,0
ID_034882,0
ID_034883,0
ID_034884,0
ID_034885,0
ID_034886,0
ID_034887,0
ID_034888,0
ID_034889,0
ID_034890,0
ID_034891,0
ID_034892,0
ID_034893,0
ID_034894,0
ID_034895,0
ID_034896,0
ID_034897,0
ID_034898,0
ID_034899,0
ID_034900,0
ID_034901,0
ID_034902,0
ID_034903,0
ID_034904,0
ID_034905,0
ID_034906,0
ID_034907,0
ID_034908,0
ID_034909,0
ID_034910,0
ID_034911,0
ID_034912,0
ID_034913,0
ID_034914,0
ID_034915,0
ID_034916,0
ID_034917,0
ID_034918,0
ID_034919,0
ID_034920,0
ID_034921,0
ID_034922,0
ID_034923,0
ID_034924,0
ID_034925,0
ID_034926,0
ID_034927,0
ID_034928,0
ID_034929,0
ID_034930,0
ID_034931,0
ID_034932,0
ID_034933,0
ID_034934,0
ID_034935,0
ID_034936,0
ID_034937,0
ID_034938,0
ID_034939,0
ID_034940,0
ID_034941,0
ID_034942,0
ID_034943,0
ID_034944,0
ID_034945,0
ID_034946,0
ID_034947,0
ID_034948,0
ID_034949,0
ID_034950,0
ID_034951,0
ID_034952,0
ID_034953,0
ID_034954,0
ID_034955,0
ID_034956,0
ID_034957,0
ID_034958,0
ID_034959,0
ID_034960,0
ID_034961,0
ID_034962,0
ID_034963,0
ID_034964,0
ID_034965,0
ID_034966,0
ID_034967,0
ID_034968,0
ID_034969,0
ID_034970,0
ID_034971,0
ID_034972,0
ID_034973,0
ID_034974,0
ID_034975,0
ID_034976,0
ID_034977,0
ID_034978,0
ID_034979,0
ID_034980,0
ID_034981,0
ID_034982,0
ID_034983,0
ID_034984,0
ID_034985,0
ID_034986,0
ID_034987,0
ID_034988,0
ID_034989,0
ID_034990,0
ID_034991,0
ID_034992,0
ID_034993,0
ID_034994,0
ID_034995,0
ID_034996,0
ID_034997,0
ID_034998,0
ID_034999,0
ID_035000,0
ID_035001,0
ID_035002,0
ID_035003,0
ID_035004,0
ID_035005,0
ID_035006,0
ID_035007,0
ID_035008,0
ID_035009,0
ID_035010,0
ID_035011,0
ID_035012,0
ID_035013,0
ID_035014,0
ID_035015,0
ID_035016,0
ID_035017,0
ID_035018,0
ID_035019,0
ID_035020,0
ID_035021,0
ID_035022,0
ID_035023,0
ID_035024,0
ID_035025,0
ID_035026,0
ID_035027,0
ID_035028,0
ID_035029,0
ID_035030,0
ID_035031,0
ID_035032,0
ID_035033,0
ID_035034,0
ID_035035,0
ID_035036,0
ID_035037,0
ID_035038,0
ID_035039,0
ID_035040,0
ID_035041,0
ID_035042,0
ID_035043,0
ID_035044,0
ID_035045,0
ID_035046,0
ID_035047,0
ID_035048,0
ID_035049,0
ID_035050,0
ID_035051,0
ID_035052,0
ID_035053,0
ID_035054,0
ID_035055,0
ID_035056,0
ID_035057,0
ID_035058,0
ID_035059,0
ID_035060,0
ID_035061,0
ID_035062,0
ID_035063,0
